0,4.267379,9.729609,20.06479,11.56402,21.41925,9.572114,28.96087,18.61024,26.04709,24.82188,18.53754,32.82585,13.7632,34.20577,22.14265,17.72064,30.48805,28.30785,19.89297,36.84737,28.47178,38.70736,27.8996,24.72963,20.84929,21.46158,17.23499,23.91275,20.16858,22.92592,23.21721,24.20977,21.20197,24.21446,29.14116,23.61845,27.48539,11.17779,19.55297,22.95491,34.76479,20.82618,20.07557,26.53572,27.03195,27.73436,22.81047,26.48714,17.10142,23.33166,34.31167,28.44442,26.89447,32.63188,33.99963,32.03277,46.41548,43.11395,34.7191,54.43005,9.906121,11.56342,15.5574,17.08478,31.57751,48.79517,47.51482,52.7,43.74379,47.79544,41.94336,38.08947,54.09321,47.18596,24.53818,27.86646,20.88872,28.93775,20.99824,18.63548,14.48661,19.47104,15.14345,31.79891,39.82001,37.75794,36.70999,44.31857,57.67878,46.16075,53.38321,58.02962,41.56049,24.25968,26.20836,28.60997
4.267379,0,12.50726,22.9079,12.33957,23.36196,7.500971,31.14717,21.166,28.88949,25.69906,18.50822,35.20961,12.5008,35.60358,23.63226,16.26302,32.45919,28.52053,19.83489,38.47002,29.93364,39.45846,27.42787,22.2332,19.68136,19.15921,14.04665,20.3146,16.87517,21.50934,22.78183,20.94515,18.7782,21.34612,26.61726,21.16848,25.40237,14.13747,21.22749,23.46694,31.44924,21.24167,19.38882,25.81916,25.55239,25.913,19.99091,23.13822,13.85071,19.76732,30.71559,24.76616,23.86843,29.61836,30.66126,28.82658,43.15802,39.8384,31.31383,50.99946,11.15468,9.232479,16.6007,18.67122,28.16756,45.5527,44.37966,49.12541,40.54583,44.25987,38.54756,34.6669,50.17874,42.98196,24.02899,28.19221,20.24211,26.54943,19.25076,18.26941,12.67727,19.81981,14.25561,28.77852,36.69475,34.82381,33.66124,40.67421,53.96771,42.22809,49.40936,54.16759,37.33706,23.05392,23.87135,26.85095
9.729609,12.50726,0,10.45451,6.560444,12.77927,13.18754,20.23473,10.4474,16.43521,18.13057,13.94369,23.5148,12.56589,26.09842,14.28943,15.64709,20.88574,21.65645,13.87068,27.59444,19.57848,30.44239,21.88503,31.96333,24.75691,26.023,22.00661,28.94177,23.23137,24.9379,22.92606,27.96036,22.24343,28.71728,34.464,25.87254,30.95819,8.122108,14.67289,17.69279,39.90206,17.95073,18.30952,24.69878,26.8016,29.16857,31.59507,34.36299,24.1527,29.82311,42.06591,35.05953,33.63856,38.93817,43.11777,41.31177,55.62617,52.32387,43.53416,63.48707,16.45101,20.79877,19.42888,16.29353,40.18276,57.88618,56.18713,61.20972,51.62274,55.45144,48.78451,43.98389,61.53678,53.97619,21.52935,21.33885,28.07416,37.78207,28.44009,22.41816,20.23211,19.20017,16.49411,40.91243,48.82496,46.17521,43.96404,53.02951,66.27169,54.28494,61.32656,66.05573,48.32825,20.26472,24.74029,25.54666
20.06479,22.9079,10.45451,0,13.19331,7.726009,22.11735,12.26924,8.928709,6.314295,15.65511,16.45473,13.93769,19.19009,19.4467,12.3106,20.69327,11.9513,19.12601,15.18917,19.03953,13.6173,24.08547,20.95267,41.57712,32.75755,34.54944,31.0316,37.75108,31.27971,31.88505,28.22921,36.07633,29.0691,37.1649,43.04916,33.11746,38.51355,14.67948,16.80956,19.01548,48.37628,21.77188,23.39577,28.57148,31.97465,35.44107,41.89075,44.37415,34.01429,39.32742,51.97946,44.51468,43.09533,48.05382,53.39889,51.73333,65.92127,62.72935,53.58789,73.80319,25.737,30.94661,27.28522,21.72837,50.45402,68.28178,66.40412,71.38938,61.47374,65.21834,58.1246,52.84254,71.17199,63.20163,24.78113,20.11195,37.28249,47.97131,38.05474,30.33852,29.58793,24.87614,24.13141,51.31354,59.19228,56.26681,53.51802,63.16276,76.42667,64.21431,71.16536,75.97511,57.55279,22.32147,28.76303,27.75538
11.56402,12.33957,6.560444,13.19331,0,11.61784,9.448283,19.5893,14.5294,19.00466,14.1741,8.012826,23.64117,6.374676,23.58721,15.65532,9.161717,20.92869,16.89728,8.660765,26.24746,19.64011,27.26437,16.76095,32.45156,26.32169,26.11587,20.64108,26.86529,20.49074,25.54148,24.31549,25.89084,20.08818,27.84879,34.50557,24.64878,31.09851,13.66754,18.13298,18.37951,38.41967,19.72052,18.20139,24.8654,26.27875,28.88774,31.67216,33.59399,23.59553,28.449,40.68277,33.39955,33.23171,38.41538,41.41392,40.21699,53.91728,51.00112,41.30708,61.64516,19.99827,20.2851,23.36609,20.48685,39.16079,56.7986,55.53286,59.56292,50.93911,54.04275,47.60714,42.53213,59.09502,50.40407,21.30379,20.56532,30.68618,38.39734,29.87803,24.93361,21.20392,21.77589,17.2874,40.45458,48.13648,45.98634,43.54183,50.65777,63.98842,51.49661,58.46163,63.64213,44.605,14.15166,18.418,19.26229
21.41925,23.36196,12.77927,7.726009,11.61784,0,20.06568,8.009656,15.15884,11.48079,7.956064,10.78401,12.22183,15.96094,13.38473,16.11208,16.49101,12.14817,12.20368,11.11879,16.16327,15.41678,19.1312,15.8368,43.59919,36.0384,36.61733,31.73919,37.87961,31.00559,34.68209,31.85407,36.39093,29.51067,38.48739,45.1418,34.3497,40.90663,19.65723,22.14822,22.184,49.15653,25.71895,25.69508,31.33535,34.06076,37.66082,43.08115,45.16067,35.03843,39.85241,52.25914,44.78712,44.49994,49.51855,52.42965,51.50393,64.87874,62.32414,51.97578,72.83724,29.22199,30.68462,31.84168,27.02422,50.7618,68.29616,67.1339,71.11613,62.47149,65.55992,58.91484,53.54119,70.40831,61.17187,27.1521,21.70565,40.7436,49.65902,40.67146,34.21249,31.90978,29.20824,26.71743,51.92963,59.67899,57.50966,54.90097,61.67052,75.25804,62.61573,69.58679,74.99234,55.30188,17.24698,23.96659,22.31635
9.572114,7.500971,13.18754,22.11735,9.448283,20.06568,0,27.61024,22.66287,28.20288,20.26724,12.62453,32.28571,6.739037,30.71861,24.01025,10.30183,30.25321,22.87957,15.5149,34.87953,28.69964,34.67767,22.41027,27.8123,25.46314,23.88259,17.2635,22.55024,17.80362,25.84071,26.83562,22.96303,19.98233,25.00356,31.36458,23.80687,29.785,18.27298,24.33779,24.77246,34.41562,24.37792,21.59065,28.2939,28.05021,29.23674,25.10707,27.26535,18.54107,23.14975,33.91603,27.69257,28.40847,33.88758,32.40871,31.7239,44.84817,42.39894,32.02192,52.78467,18.52079,12.31936,23.5884,23.97139,31.69993,48.60271,48.22358,51.66593,44.54388,47.35368,41.99991,37.74701,51.83681,42.82356,25.66597,27.77341,27.46016,32.01791,25.78169,24.64662,18.71017,24.61612,18.41264,32.84744,40.41754,39.38202,38.05771,41.65625,55.41058,42.95565,50.17002,55.70912,36.78581,17.45456,18.11715,20.86838
28.96087,31.14717,20.23473,12.26924,19.5893,8.009656,27.61024,0,20.6273,12.32127,10.639,17.2602,5.662613,23.46326,8.258127,21.34125,23.42756,11.14033,14.25156,17.74203,11.62537,17.91896,16.3034,19.66516,51.54779,43.62676,44.43332,39.68395,45.73379,38.72774,42.09711,38.76616,44.11211,36.98243,46.30715,52.96466,41.89195,48.47852,26.4651,28.17754,28.10099,56.92911,32.28465,32.74732,37.81606,40.95497,44.87761,50.98864,53.16211,43.04532,47.83266,60.22898,52.73493,52.48391,57.45513,59.86509,59.15438,72.23572,69.96271,59.17692,80.34155,36.55551,38.03374,38.98406,33.68891,58.68458,76.08255,75.08771,78.95882,70.47866,73.51657,66.86144,61.39119,78.15958,68.54337,33.53844,26.36353,48.28708,57.52008,48.49345,41.65959,39.78324,36.15491,34.33932,59.77796,67.5516,65.49181,62.89616,69.06295,82.83173,70.11059,77.09844,82.68846,62.61962,22.68782,29.67552,27.02959
18.61024,21.166,10.4474,8.928709,14.5294,15.15884,22.66287,20.6273,0,11.08704,22.25398,20.34696,21.37571,20.24877,26.90998,6.836459,22.04122,16.10335,24.18135,17.10497,24.51425,12.85197,29.04797,23.26856,35.82249,25.56692,28.14604,26.18802,32.92905,26.96063,24.5027,20.13964,30.85922,23.84204,31.13753,36.37482,26.95212,31.33778,9.366712,8.003094,12.00295,42.42915,13.62272,16.61247,21.0281,24.84798,28.17925,37.64281,39.68774,29.39482,34.5082,47.36155,39.68095,37.4294,41.95506,51.40052,48.95224,63.79965,59.74609,52.29353,71.09675,21.23487,30.04663,20.76339,13.75186,46.42839,64.56354,61.681,67.32624,56.07823,60.13823,52.44623,47.03891,66.91897,60.2906,17.82344,15.51777,31.50228,43.279,32.38058,23.14515,23.94626,16.69759,17.65279,47.46522,55.12754,51.19155,47.7103,61.03018,73.36965,61.57754,68.17745,72.22656,55.11663,24.03658,29.52697,29.40231
26.04709,28.88949,16.43521,6.314295,19.00466,11.48079,28.20288,12.32127,11.08704,0,18.86201,21.32518,11.18175,24.69685,19.2992,13.09598,25.63034,8.452091,21.30157,19.07455,16.09192,11.61747,22.79409,23.08105,46.35812,36.56168,38.73882,35.83006,42.41225,35.78699,35.18184,30.71376,40.33937,32.8687,41.37522,47.11103,36.79923,42.0083,19.0544,18.62345,20.34282,52.52364,23.93515,26.30542,30.41149,34.44672,38.33993,47.35054,49.59813,39.19433,44.29531,57.17311,49.44239,47.82031,52.48515,59.46842,57.65494,71.99348,68.61451,59.73998,79.73665,30.74821,37.13555,31.28973,24.68134,55.97374,73.96942,71.72374,76.87225,66.42474,70.20699,62.74249,57.198,76.31259,68.49908,26.64228,20.18227,41.8922,53.27619,42.86768,34.15661,34.3502,27.69772,28.15344,56.94243,64.76009,61.42725,58.22243,69.14458,82.17952,69.95391,76.76517,81.40796,62.98365,25.88339,32.76237,31.09474
24.82188,25.69906,18.13057,15.65511,14.1741,7.956064,20.26724,10.639,22.25398,18.86201,0,8.223656,15.65254,15.39518,10.59558,21.81415,14.46071,16.72848,6.583607,10.89719,17.09345,20.11804,16.53809,12.73168,46.18989,39.98339,39.42698,33.50029,38.7503,31.80757,38.21635,36.2324,37.49508,31.10844,40.50439,47.69602,36.43935,43.84907,25.80451,28.32121,26.79774,50.3013,30.66446,29.27563,35.00397,36.97388,40.54387,44.95934,46.51314,36.98785,41.07542,52.90282,45.58317,46.4388,51.36392,51.94644,51.7879,64.09737,62.20248,50.8407,71.98341,33.78909,31.85045,37.10343,32.97445,51.52477,68.48583,68.02249,70.91576,63.64865,66.00942,59.89815,54.51359,69.64628,59.20835,30.71976,25.18763,44.82218,51.85682,43.94335,38.76047,35.20987,34.29313,30.48775,53.02262,60.47156,59.05572,56.57555,60.41254,74.1091,61.16366,68.03333,73.98391,53.2187,13.76913,20.05009,17.65763
18.53754,18.50822,13.94369,16.45473,8.012826,10.78401,12.62453,17.2602,20.34696,21.32518,8.223656,0,22.01914,7.221686,18.58985,19.88684,6.639913,20.60206,10.37229,6.506794,23.28881,20.98435,22.3056,11.9719,38.41763,33.13499,32.00226,25.67732,30.78034,24.06493,31.57243,30.54104,29.80493,24.05288,32.86696,40.09118,29.29968,36.72695,21.49882,24.71609,23.10753,42.48145,25.8885,23.55612,29.78502,30.95222,33.96983,37.08479,38.39686,29.06915,32.98716,44.68872,37.43818,38.4839,43.4354,44.24065,43.92293,56.46315,54.2939,43.34547,64.16521,27.64404,24.7499,31.23958,28.13315,43.38565,60.43719,59.86061,62.75634,55.47155,57.79634,51.78533,46.54209,61.54428,51.41141,25.83625,22.94709,37.91365,44.06178,36.51482,32.27605,27.91462,28.81315,23.90972,45.03685,52.39744,50.96663,48.51048,52.66622,66.17954,53.26492,60.12649,65.92436,45.44338,9.312437,14.4173,13.91188
32.82585,35.20961,23.5148,13.93769,23.64117,12.22183,32.28571,5.662613,21.37571,11.18175,15.65254,22.01914,0,27.89983,10.33049,21.65781,27.74531,8.884049,17.7954,21.22285,8.773,16.82775,15.95363,22.29563,54.68811,45.82681,47.06622,42.91686,49.02326,41.91847,43.99814,40.01827,47.06595,39.537,49.07808,55.56369,44.27246,50.60416,28.58277,28.8422,28.69537,59.79688,33.28455,34.40573,38.74622,42.38786,46.5948,54.78649,56.83886,46.55078,51.304,64.00699,56.25418,55.67156,60.44212,64.63023,63.64628,77.07662,74.50651,64.14428,85.05862,39.53235,42.6082,41.15295,35.04044,62.72248,80.40661,78.98264,83.15132,74.00683,77.17992,70.13447,64.44941,82.13427,72.84539,34.53022,26.34975,51.11353,61.18284,51.56002,43.78631,42.74103,37.53301,36.67763,63.87723,71.66128,69.13696,66.13668,73.87576,87.41852,74.72018,81.60191,86.96004,67.06028,26.29802,33.51661,30.57808
13.7632,12.5008,12.56589,19.19009,6.374676,15.96094,6.739037,23.46326,20.24877,24.69685,15.39518,7.221686,27.89983,0,25.63856,20.02684,4.016202,25.16724,16.78947,9.068019,29.26227,23.50861,28.42432,15.68415,31.38625,27.0626,25.42132,18.7758,23.89109,17.56605,25.89345,25.92517,23.27061,18.41528,26.17788,33.31151,23.31554,30.4997,18.72007,22.53086,21.23195,35.73258,22.48465,19.36619,25.91361,26.21761,28.48516,30.03559,31.17733,21.95441,25.83593,37.51957,30.32388,31.36915,36.39337,37.84338,37.19148,50.16632,47.5862,37.32371,57.68244,22.40072,18.94689,26.15653,24.31867,36.25697,53.52513,52.71019,55.81545,48.2636,50.69496,44.70325,39.6366,54.79503,45.24449,22.57403,22.77361,31.6434,37.05262,29.76933,26.55091,21.39977,24.36797,18.44171,38.01343,45.34272,43.76511,41.33323,46.36192,59.64708,46.84909,53.71596,59.2485,39.3449,10.94254,13.14275,15.01461
34.20577,35.60358,26.09842,19.4467,23.58721,13.38473,30.71861,8.258127,26.90998,19.2992,10.59558,18.58985,10.33049,25.63856,0,25.90144,24.3519,14.62842,11.259,19.11426,9.973211,21.02485,10.50336,17.67209,55.73963,48.29559,48.26166,42.89724,48.17492,40.94109,46.03092,43.04406,46.45854,39.37387,49.45232,56.61733,44.70437,52.07598,32.87183,33.72837,31.89804,59.33843,36.81276,36.30147,41.08495,43.84575,48.02073,55.07844,56.56278,46.7791,50.83459,63.01138,55.37531,56.01611,60.74017,62.54127,62.34321,74.6755,72.78309,61.39425,82.53981,42.49148,42.1244,45.04081,39.67404,61.87114,79.00921,78.33172,81.29422,73.64241,76.01113,69.53468,63.81879,79.63359,69.07166,36.64562,28.6362,53.83476,61.90283,53.33218,46.89922,44.33473,41.23014,38.66113,63.41184,70.89658,69.17111,66.2833,70.93262,84.53806,71.5257,78.26811,84.20136,63.19476,21.59997,28.22604,24.58328
22.14265,23.63226,14.28943,12.3106,15.65532,16.11208,24.01025,21.34125,6.836459,13.09598,21.81415,19.88684,21.65781,20.02684,25.90144,0,20.66346,14.24382,21.80631,14.80472,22.21224,8.061449,25.57401,19.24169,36.73534,26.05812,27.78125,25.66168,31.65296,25.10716,23.32556,18.66807,28.96528,21.1584,30.02213,35.85092,24.75272,30.09983,14.31129,8.847124,7.285513,40.7733,11.90135,13.8718,17.43115,21.53418,25.72807,39.30539,40.23312,30.06706,34.19676,47.34625,39.06857,37.47301,41.47292,52.85924,50.53082,65.18646,61.00927,53.63253,72.01005,25.14976,32.84752,24.07542,16.41363,47.26565,65.60001,62.44049,67.52014,56.22759,59.7349,51.69128,45.69841,65.97131,58.98951,13.57472,8.761999,34.29269,45.18889,34.2218,24.64218,25.15557,16.99347,17.50136,48.97478,56.30544,52.11461,47.7187,61.74565,73.57329,61.50432,67.74283,71.75724,54.03328,20.87053,26.38154,25.82576
17.72064,16.26302,15.64709,20.69327,9.161717,16.49101,10.30183,23.42756,22.04122,25.63034,14.46071,6.639913,27.74531,4.016202,24.3519,20.66346,0,24.74949,14.40153,7.638284,27.97025,23.06442,26.07518,12.54216,33.70898,29.27758,27.20003,20.44221,24.79866,18.12415,27.33562,27.29255,23.87331,18.7273,27.42692,34.88152,24.02162,31.79093,21.7985,24.30287,21.71967,36.41353,23.81415,20.2278,26.33876,26.56096,29.1954,32.67804,33.14716,24.27033,27.38321,38.97469,31.54499,33.16641,37.84691,39.79855,39.39765,51.90662,49.44721,39.04696,59.14163,26.04526,22.35603,29.35435,26.9169,38.20219,55.3106,54.5104,57.08668,49.84061,51.82702,45.79186,40.43152,55.33376,45.23613,22.80276,22.06797,34.83499,39.74101,32.59449,29.16519,24.07275,26.38604,20.47146,40.33827,47.37671,45.82333,42.9728,47.66729,60.67491,47.68326,54.31417,59.96951,39.41359,7.156884,9.476173,11.00126
30.48805,32.45919,20.88574,11.9513,20.92869,12.14817,30.25321,11.14033,16.10335,8.452091,16.72848,20.60206,8.884049,25.16724,14.62842,14.24382,24.74949,0,16.72553,17.259,8.665021,8.081866,15.02281,18.15856,49.64284,39.85227,41.1064,37.6122,43.46054,36.2772,37.2415,32.86163,41.00939,33.08453,42.97592,49.39733,37.61967,43.87579,24.64212,22.3523,20.90356,53.49712,26.13859,27.34679,30.88883,34.79314,39.29846,50.90396,52.23343,41.91814,46.19336,59.24157,51.03903,50.29376,54.60461,62.19138,60.73753,74.6784,71.44475,62.11854,82.10509,36.12824,40.89164,36.58193,29.50341,58.69082,76.80325,74.59766,78.9389,68.90122,72.01549,64.42539,58.38276,77.24966,68.60935,26.71316,17.83832,46.83797,57.22921,46.9369,38.21566,37.77238,31.07059,30.74921,60.27272,67.8408,64.56396,60.7,71.11968,83.90292,71.26188,77.79134,82.65581,63.18436,22.65767,29.85188,27.14919
28.30785,28.52053,21.65645,19.12601,16.89728,12.20368,22.87957,14.25156,24.18135,21.30157,6.583607,10.37229,17.7954,16.78947,11.259,21.80631,14.40153,16.72553,0,10.11797,15.78389,18.89553,12.42675,7.397437,47.2069,40.67474,39.60208,33.69908,38.21544,30.99401,37.93013,35.92425,36.5316,29.86221,40.11258,47.61155,35.41646,43.34678,28.64983,29.23227,25.90318,49.2728,30.57522,28.55649,33.56501,35.39852,39.34537,46.69603,47.33164,38.013,41.27335,53.20475,45.46302,46.81452,51.26371,53.74747,53.60286,65.74806,63.66766,52.62131,73.11434,36.81364,35.09768,39.41511,34.6412,52.59156,69.6592,68.88124,71.30952,63.97568,65.86173,59.48751,53.67373,69.00039,58.29651,29.21006,22.80761,47.08087,53.69738,45.61947,40.0405,36.51962,34.92357,31.02688,54.65042,61.76946,60.06267,56.81884,61.46454,74.55113,61.43468,67.90502,73.769,52.56942,10.46211,17.00673,13.42757
19.89297,19.83489,13.87068,15.18917,8.660765,11.11879,15.5149,17.74203,17.10497,19.07455,10.89719,6.506794,21.22285,9.068019,19.11426,14.80472,7.638284,17.259,10.11797,0,20.94775,15.71834,20.0958,8.158562,37.43165,30.55936,29.637,24.03665,29.12027,21.84046,28.00085,26.25602,27.34988,20.47113,30.45749,37.79744,25.8742,33.522,19.98896,20.62702,17.5652,40.23462,21.27735,18.93603,24.58546,26.21647,29.85378,37.53267,38.16202,28.46939,32.01167,44.46349,36.50119,37.23057,41.75027,46.58988,45.7148,58.86445,56.01261,46.15119,66.06845,27.55315,27.52674,29.74667,25.25603,43.95272,61.61421,60.16346,63.37572,54.93167,57.29448,50.51944,44.72409,61.4415,51.90817,20.39155,16.59121,37.30283,44.42449,35.78714,29.98299,26.5416,25.17052,20.92357,46.00401,53.24156,50.89676,47.4311,54.77626,67.56554,54.67413,61.19026,66.49609,46.30394,7.242414,13.72126,12.74586
36.84737,38.47002,27.59444,19.03953,26.24746,16.16327,34.87953,11.62537,24.51425,16.09192,17.09345,23.28881,8.773,29.26227,9.973211,22.21224,27.97025,8.665021,15.78389,20.94775,0,15.20207,8.574587,18.87341,56.55382,47.3856,47.99472,43.77277,49.12162,41.71938,44.43103,40.41495,46.72341,38.89706,49.37134,56.23849,43.87063,50.80575,32.54423,30.69472,28.25502,59.38508,33.89718,34.29172,37.76626,41.31171,45.97946,57.32856,58.40058,48.28305,52.18123,65.01205,56.79865,56.80941,61.08144,67.06502,66.17548,79.41891,76.71281,66.477,86.88839,43.57834,46.31255,44.60643,37.81314,64.52788,82.36818,80.66473,84.24857,75.11436,77.72399,70.40915,64.24291,82.05604,72.40021,33.45449,23.88344,54.45144,63.93736,54.16855,46.03261,44.85772,39.0398,37.96224,66.30759,73.76965,70.99238,67.16085,75.52898,88.4924,75.55261,82.01959,87.33681,66.88208,24.35655,31.42807,27.68582
28.47178,29.93364,19.57848,13.6173,19.64011,15.41678,28.69964,17.91896,12.85197,11.61747,20.11804,20.98435,16.82775,23.50861,21.02485,8.061449,23.06442,8.081866,18.89553,15.71834,15.20207,0,18.97982,17.07012,44.29075,33.81935,35.0726,32.36386,37.88146,30.85568,30.52073,25.85631,35.02232,26.91477,36.81534,43.0418,31.07028,37.08821,21.54567,16.64134,13.5547,47.07385,19.33722,20.58955,23.27285,27.38862,32.08439,46.61697,47.28661,37.15839,40.9247,54.08892,45.61392,44.6539,48.50164,59.1238,57.22258,71.49394,67.66953,59.47205,78.37245,32.75298,38.95599,32.08106,24.38537,54.18094,72.47923,69.58001,74.1117,63.30713,66.39969,58.38418,52.11094,71.94947,64.09546,19.20853,9.980233,42.26903,52.74925,42.02206,32.63168,32.77244,24.8359,25.03781,56.09802,63.38675,59.45283,54.87888,67.71506,79.7118,67.28122,73.46155,77.81028,59.05546,20.99954,27.48159,25.48917
38.70736,39.45846,30.44239,24.08547,27.26437,19.1312,34.67767,16.3034,29.04797,22.79409,16.53809,22.3056,15.95363,28.42432,10.50336,25.57401,26.07518,15.02281,12.42675,20.0958,8.574587,18.97982,0,14.98156,57.07096,48.86047,48.42109,43.48368,47.92615,40.48997,45.33509,42.09499,45.56685,38.11193,49.02512,56.36004,43.43982,51.13858,36.18925,34.31723,30.29569,58.10686,36.17822,35.22028,38.6686,41.44917,46.12315,57.61618,57.96094,48.37194,51.45805,63.84498,55.62865,56.62165,60.63715,65.83064,65.42742,77.85678,75.49098,64.84823,84.98349,46.20848,46.81755,47.61656,41.26203,63.76338,81.18982,79.83182,82.43989,74.283,76.16476,69.16745,62.86995,79.41676,68.93262,34.3109,25.0412,56.54695,64.48524,55.42632,48.1622,45.99073,41.50786,39.24348,65.99933,73.08753,70.7184,66.69001,73.39823,86.05296,72.92604,79.09006,84.68998,63.52485,20.83651,27.08555,22.64995
27.8996,27.42787,21.88503,20.95267,16.76095,15.8368,22.41027,19.66516,23.26856,23.08105,12.73168,11.9719,22.29563,15.68415,17.67209,19.24169,12.54216,18.15856,7.397437,8.158562,18.87341,17.07012,14.98156,0,43.41071,36.5631,35.05236,29.48169,33.35486,26.01727,32.97849,31.1482,31.21414,24.34038,35.10155,42.69924,29.90325,38.08389,27.6323,26.46345,21.51506,43.73889,26.40584,23.62397,27.94643,29.46272,33.58629,43.87831,43.61988,34.53912,37.02055,49.10973,40.95022,42.48175,46.42018,51.85361,51.36406,63.75054,61.12218,51.06282,70.50522,35.37866,34.60662,37.10202,32.02185,49.29547,66.59887,65.1885,67.55531,59.64664,61.29509,54.50989,48.3285,64.4465,54.16045,23.72226,17.80866,44.47552,50.81669,42.46517,36.5574,33.18893,31.11461,27.10553,51.85615,58.64684,56.36625,52.30836,59.04187,71.31715,58.23512,64.30357,69.75976,48.80259,6.315654,12.80143,9.225336
24.72963,22.2332,31.96333,41.57712,32.45156,43.59919,27.8123,51.54779,35.82249,46.35812,46.18989,38.41763,54.68811,31.38625,55.73963,36.73534,33.70898,49.64284,47.2069,37.43165,56.55382,44.29075,57.07096,43.41071,0,12.45836,10.35721,14.04668,13.65836,18.79574,16.68422,22.17687,15.87823,21.22185,11.44694,8.683948,17.50134,13.56763,28.28843,30.63007,32.17433,15.57002,26.88151,24.81351,26.6948,23.47523,19.45356,8.351873,7.543785,9.54849,9.319359,14.38899,11.15603,5.06527,9.695417,25.23386,20.4977,34.79203,28.52688,28.66367,39.70014,19.13889,22.16857,18.62405,24.61973,14.15526,30.98085,26.39171,33.372,20.65067,25.78654,19.09829,16.92392,34.75309,33.55629,28.57818,38.10921,11.05409,10.61191,5.719391,14.58624,12.0259,22.18727,19.28142,15.54231,21.38445,15.6977,12.73251,32.69765,41.43651,32.50374,37.87878,39.70452,30.49364,38.89209,36.94178,41.11043
20.84929,19.68136,24.75691,32.75755,26.32169,36.0384,25.46314,43.62676,25.56692,36.56168,39.98339,33.13499,45.82681,27.0626,48.29559,26.05812,29.27758,39.85227,40.67474,30.55936,47.3856,33.81935,48.86047,36.5631,12.45836,0,6.002392,11.77039,15.50175,16.0116,6.375428,10.21514,14.60534,15.00942,10.41356,11.67,11.64651,8.684451,19.49899,19.16255,21.03554,20.2259,15.13686,14.52223,15.81646,14.21467,11.55237,18.50209,18.57517,12.15576,14.94389,25.5574,19.00158,14.19163,17.69149,35.81188,31.6365,46.5098,40.63191,38.50752,51.84884,14.87709,24.49208,10.92314,13.58643,26.02228,43.40041,38.57802,45.33688,31.99245,36.70011,28.5539,24.02267,45.25164,42.66744,17.88026,27.52289,12.66428,22.20746,10.97845,4.26623,7.414553,10.05545,9.719395,27.54865,33.8206,27.93726,23.29206,43.95351,53.30834,43.44104,48.89931,51.0091,39.10036,33.47297,33.51968,36.68875
21.46158,19.15921,26.023,34.54944,26.11587,36.61733,23.88259,44.43332,28.14604,38.73882,39.42698,32.00226,47.06622,25.42132,48.26166,27.78125,27.20003,41.1064,39.60208,29.637,47.99472,35.0726,48.42109,35.05236,10.35721,6.002392,0,7.490686,9.569904,11.41074,6.908827,12.73923,8.973455,11.78147,4.575967,8.551261,7.776834,6.490417,22.41885,22.34589,22.47256,15.27894,17.55837,14.865,16.5051,13.3213,10.03417,16.20096,14.59819,8.627737,9.574473,21.09265,13.61053,10.09928,13.84147,32.1937,28.3668,42.84551,37.09147,34.66864,47.92576,17.55052,23.17829,15.61352,18.05104,22.26711,39.98808,35.46807,41.27687,28.65114,32.61182,24.44878,19.34803,40.37871,37.03988,18.3415,28.11241,15.20487,20.68197,11.28539,9.679044,7.487727,13.96813,10.59089,24.66661,30.67764,25.19303,19.98828,39.61547,48.88889,38.53745,43.90418,46.32181,33.46937,31.29531,30.1427,33.77711
17.23499,14.04665,22.00661,31.0316,20.64108,31.73919,17.2635,39.68395,26.18802,35.83006,33.50029,25.67732,42.91686,18.7758,42.89724,25.66168,20.44221,37.6122,33.69908,24.03665,43.77277,32.36386,43.48368,29.48169,14.04668,11.77039,7.490686,0,7.178405,5.659645,11.40865,15.71923,7.149252,8.599739,7.74388,14.5795,8.403419,13.02624,20.74324,22.16538,21.44702,18.07224,18.06293,13.95894,17.99845,15.21307,13.97401,16.23654,15.11573,6.213294,8.61285,21.76523,13.62546,13.20378,17.90924,29.5795,26.77145,41.12731,36.3091,31.16732,47.00793,16.96529,18.39344,17.68348,19.34609,22.14284,40.40043,37.32736,41.8725,31.36845,34.50379,27.26028,22.06256,40.73885,34.87945,18.11467,26.2244,18.52271,22.4724,14.49175,13.78397,7.69264,16.16881,9.708129,24.76076,31.40187,27.58109,23.48761,37.36851,48.16505,36.58827,42.60433,46.25267,30.34278,25.00822,23.40193,27.305
23.91275,20.3146,28.94177,37.75108,26.86529,37.87961,22.55024,45.73379,32.92905,42.41225,38.7503,30.78034,49.02326,23.89109,48.17492,31.65296,24.79866,43.46054,38.21544,29.12027,49.12162,37.88146,47.92615,33.35486,13.65836,15.50175,9.569904,7.178405,0,7.459343,14.48108,19.93193,4.01593,11.44732,6.098574,12.24093,9.425426,12.64838,27.88029,28.47521,26.70216,11.9474,23.55027,18.95011,21.2582,17.08161,14.60432,16.3983,12.40198,9.206642,5.222543,16.8239,8.020031,10.32425,13.51488,27.58521,24.89672,38.04955,32.97192,29.30202,42.84827,23.29601,22.60963,23.62606,25.73246,18.93991,36.36834,32.99605,36.63547,26.5071,28.70635,21.41143,15.79917,34.32225,28.74658,22.1694,30.7284,21.88829,21.75384,16.71977,18.70685,13.48347,21.74419,16.10091,22.68095,28.00952,24.14568,19.07799,33.59323,43.05201,31.6303,36.97605,40.31262,24.84814,28.57462,25.30638,29.63912
20.16858,16.87517,23.23137,31.27971,20.49074,31.00559,17.80362,38.72774,26.96063,35.78699,31.80757,24.06493,41.91847,17.56605,40.94109,25.10716,18.12415,36.2772,30.99401,21.84046,41.71938,30.85568,40.48997,26.01727,18.79574,16.0116,11.41074,5.659645,7.459343,0,13.44183,17.06335,5.759028,5.525808,9.85901,17.56462,7.733824,15.08135,23.26301,23.35613,20.67605,18.49708,18.76774,13.5036,17.23062,14.12787,14.02809,20.92449,18.69427,11.3778,11.49224,23.97859,15.34225,16.77605,20.46094,32.06008,29.91546,43.3883,38.92569,33.08466,48.92548,21.75988,21.7097,22.39853,22.36488,25.23807,43.02549,40.15695,43.62251,33.91055,36.0937,28.8122,22.88446,41.13405,34.05634,16.81736,24.09229,24.14297,27.17105,19.99323,18.33359,13.04281,18.59535,12.02752,28.4908,34.58171,31.0813,26.32689,38.86427,49.39573,37.3205,43.02887,46.99561,29.50438,21.4976,19.11445,23.06495
22.92592,21.50934,24.9379,31.88505,25.54148,34.68209,25.84071,42.09711,24.5027,35.18184,38.21635,31.57243,43.99814,25.89345,46.03092,23.32556,27.33562,37.2415,37.93013,28.00085,44.43103,30.52073,45.33509,32.97849,16.68422,6.375428,6.908827,11.40865,14.48108,13.44183,0,6.187399,12.01606,10.67269,9.382339,12.98949,7.08174,6.897926,20.55964,17.68527,17.20061,19.32945,12.06993,10.22251,10.12111,7.849406,5.792896,22.81686,21.48226,14.65782,16.06618,27.61557,19.85371,16.60323,19.20072,38.96416,35.22145,49.74045,43.98505,41.26442,54.74062,19.20101,27.54619,15.49179,14.69062,29.14912,46.70624,41.79896,47.67531,34.53562,38.38694,29.69851,23.99873,46.09847,42.69446,12.6945,22.96756,18.96775,27.07987,16.60632,9.368153,10.89235,9.198043,8.510713,31.50798,37.4268,31.55304,25.7119,46.38581,55.45372,45.04425,50.19629,52.45165,39.21331,30.34754,30.3618,33.23899
23.21721,22.78183,22.92606,28.22921,24.31549,31.85407,26.83562,38.76616,20.13964,30.71376,36.2324,30.54104,40.01827,25.92517,43.04406,18.66807,27.29255,32.86163,35.92425,26.25602,40.41495,25.85631,42.09499,31.1482,22.17687,10.21514,12.73923,15.71923,19.93193,17.06335,6.187399,0,17.08108,12.86696,15.40155,18.94684,11.48444,12.59637,17.93675,12.65102,12.38021,25.25628,6.840419,7.592235,6.469004,7.920537,9.238738,27.86352,27.28461,19.42259,21.81471,33.72287,25.88621,22.64076,25.3011,44.18362,40.54252,55.32278,49.71881,46.29827,60.64904,19.9324,30.16373,15.42371,11.3178,34.93978,52.64541,47.78498,53.82282,40.58833,44.54595,35.79913,30.03062,52.24125,48.47224,8.876519,18.59293,22.1017,32.23758,21.0211,10.99221,14.26993,5.365603,8.617408,37.01981,43.24862,37.40175,31.74211,52.06303,61.53291,50.931,56.23021,58.61678,44.77852,29.61945,31.02814,33.10577
24.20977,20.94515,27.96036,36.07633,25.89084,36.39093,22.96303,44.11211,30.85922,40.33937,37.49508,29.80493,47.06595,23.27061,46.45854,28.96528,23.87331,41.00939,36.5316,27.34988,46.72341,35.02232,45.56685,31.21414,15.87823,14.60534,8.973455,7.149252,4.01593,5.759028,12.01606,17.08108,0,8.155149,5.468479,12.78686,5.867485,11.00449,26.71736,26.06711,23.57252,12.8933,20.71355,15.87115,17.64082,13.32929,11.33133,19.65362,15.9886,11.32388,8.777855,20.39462,11.55099,12.85161,15.44958,31.55474,28.85487,42.05612,36.9423,33.17629,46.73611,23.71642,24.72346,23.27429,24.09693,22.80458,40.15313,36.4176,40.14151,29.48065,31.64869,23.79864,17.53695,37.25943,31.71787,18.6379,27.35318,23.18673,24.94689,18.44382,17.97599,13.69561,19.55802,14.23049,26.46723,31.76952,27.43978,21.68323,37.52033,46.70782,35.32422,40.42657,43.59309,27.98717,26.9368,24.14152,28.13276
21.20197,18.7782,22.24343,29.0691,20.08818,29.51067,19.98233,36.98243,23.84204,32.8687,31.10844,24.05288,39.537,18.41528,39.37387,21.1584,18.7273,33.08453,29.86221,20.47113,38.89706,26.91477,38.11193,24.34038,21.22185,15.00942,11.78147,8.599739,11.44732,5.525808,10.67269,12.86696,8.155149,0,11.13182,18.56718,5.624363,14.03011,21.51407,19.51014,15.88669,20.50903,14.29435,8.719463,11.91675,9.29593,10.75896,24.70524,22.6964,14.77145,15.50305,28.1697,19.36314,19.60196,22.77481,37.28522,34.83422,48.60491,43.87229,38.46824,53.99411,22.25708,25.2487,21.55715,19.64228,29.75014,47.63252,44.13555,48.07738,37.33719,39.77621,31.80644,25.43136,45.27387,38.80722,11.42991,19.3062,25.33089,30.61589,21.87997,17.2166,13.93109,15.19474,9.706651,32.86719,38.96168,34.69817,29.22798,44.19261,54.32406,42.49032,47.94336,51.51648,34.57072,20.97057,19.99326,23.08754
24.21446,21.34612,28.71728,37.1649,27.84879,38.48739,25.00356,46.30715,31.13753,41.37522,40.50439,32.86696,49.07808,26.17788,49.45232,30.02213,27.42692,42.97592,40.11258,30.45749,49.37134,36.81534,49.02512,35.10155,11.44694,10.41356,4.575967,7.74388,6.098574,9.85901,9.382339,15.40155,5.468479,11.13182,0,7.754486,6.622779,6.661293,26.01599,25.53539,24.40576,11.44584,20.2477,16.55319,17.67923,13.49269,9.886052,16.98253,13.61967,9.697249,7.552506,18.82357,10.61089,9.009952,11.80498,31.23411,27.72225,41.48649,35.7748,33.54211,46.05366,21.49267,24.75639,20.11964,22.10995,21.0603,38.47453,33.97704,38.93955,26.79841,29.97125,21.67213,15.90239,37.04824,33.37345,19.55176,29.24518,18.85189,21.45206,14.15613,14.23877,11.18004,17.60547,13.5533,24.25585,29.60556,24.31108,18.34738,37.65535,46.38527,35.84343,40.87223,43.32254,30.0464,31.05969,28.94189,32.82845
29.14116,26.61726,34.464,43.04916,34.50557,45.1418,31.36458,52.96466,36.37482,47.11103,47.69602,40.09118,55.56369,33.31151,56.61733,35.85092,34.88152,49.39733,47.61155,37.79744,56.23849,43.0418,56.36004,42.69924,8.683948,11.67,8.551261,14.5795,12.24093,17.56462,12.98949,18.94684,12.78686,18.56718,7.754486,0,13.38584,7.000346,30.48753,30.04431,30.00512,9.797534,24.93943,22.49804,22.2975,18.26879,13.39049,16.50827,12.77227,13.6355,10.82176,16.73259,11.44033,6.645234,6.587046,31.59734,27.23762,40.44956,33.93854,34.7591,44.08878,24.06171,28.66683,21.63538,25.2157,19.53005,35.30459,29.49675,35.72765,21.78444,25.92183,17.23655,12.75455,34.65128,34.01876,25.12255,35.38123,17.26287,18.38137,12.78997,15.53911,14.8561,20.99934,19.00789,22.27962,26.46916,19.73143,12.94751,37.37897,44.36846,35.51902,39.83095,40.94592,31.77267,38.75731,36.63786,40.57714
23.61845,21.16848,25.87254,33.11746,24.64878,34.3497,23.80687,41.89195,26.95212,36.79923,36.43935,29.29968,44.27246,23.31554,44.70437,24.75272,24.02162,37.61967,35.41646,25.8742,43.87063,31.07028,43.43982,29.90325,17.50134,11.64651,7.776834,8.403419,9.425426,7.733824,7.08174,11.48444,5.867485,5.624363,6.622779,13.38584,0,8.538631,23.61047,21.34207,18.71771,16.05957,15.5114,11.01972,11.90982,7.706898,6.31347,22.52697,19.83017,13.44891,13.00262,25.01253,16.37337,15.61374,18.07005,36.37195,33.30362,47.11531,41.76668,38.16526,51.92117,22.35446,26.68421,20.5495,19.85349,27.20399,44.78711,40.48564,45.00852,33.19499,35.95296,27.50211,21.1006,42.30074,37.45646,13.40804,22.96541,22.70002,27.59281,18.92081,14.9204,12.72941,14.67924,10.59347,30.39999,36.01323,30.92551,24.79225,42.93257,52.05948,40.95525,46.00733,48.81573,33.84771,26.58299,25.24014,28.5424
27.48539,25.40237,30.95819,38.51355,31.09851,40.90663,29.785,48.47852,31.33778,42.0083,43.84907,36.72695,50.60416,30.4997,52.07598,30.09983,31.79093,43.87579,43.34678,33.522,50.80575,37.08821,51.13858,38.08389,13.56763,8.684451,6.490417,13.02624,12.64838,15.08135,6.897926,12.59637,11.00449,14.03011,6.661293,7.000346,8.538631,0,26.76661,24.54549,23.77981,13.32058,18.90201,16.58661,15.44365,11.53491,6.605404,20.97364,18.08269,14.78135,13.59057,22.85255,15.80809,12.27009,13.20224,36.63988,32.6142,46.36921,40.16945,39.34616,50.43021,23.03296,29.6506,19.60009,20.84643,25.45294,42.01417,36.44031,42.29998,28.64669,32.35207,23.38722,17.75064,40.38848,38.43537,18.59345,29.01496,19.16874,24.10537,15.64327,12.90421,13.59999,15.71447,14.56311,28.23147,33.08801,26.63227,19.86166,42.94116,50.60186,40.98025,45.47426,47.00666,35.75126,34.89102,33.63062,37.0369
11.17779,14.13747,8.122108,14.67948,13.66754,19.65723,18.27298,26.4651,9.366712,19.0544,25.80451,21.49882,28.58277,18.72007,32.87183,14.31129,21.7985,24.64212,28.64983,19.98896,32.54423,21.54567,36.18925,27.6323,28.28843,19.49899,22.41885,20.74324,27.88029,23.26301,20.55964,17.93675,26.71736,21.51407,26.01599,30.48753,23.61047,26.76661,0,9.776724,15.79843,37.43114,13.62363,15.91599,21.30046,23.74121,25.51496,29.37604,32.31841,22.32737,28.22001,40.35727,33.51162,30.65262,35.65995,43.57073,40.81652,55.81689,51.66529,44.83039,63.25711,11.95293,22.34954,12.61645,8.785947,38.69985,56.48254,53.78205,59.89,48.79232,53.30105,46.12982,41.50564,60.59665,54.74823,19.21991,21.52884,22.85744,34.73055,24.18655,16.37961,16.66432,13.16623,13.05864,39.18725,46.98702,43.28359,40.73802,53.6419,66.04225,54.76653,61.54247,65.41891,49.58779,26.2106,30.06038,31.34843
19.55297,21.22749,14.67289,16.80956,18.13298,22.14822,24.33779,28.17754,8.003094,18.62345,28.32121,24.71609,28.8422,22.53086,33.72837,8.847124,24.30287,22.3523,29.23227,20.62702,30.69472,16.64134,34.31723,26.46345,30.63007,19.16255,22.34589,22.16538,28.47521,23.35613,17.68527,12.65102,26.06711,19.51014,25.53539,30.04431,21.34207,24.54549,9.776724,0,7.984429,36.56521,6.477973,11.21353,14.34949,18.34454,21.34465,33.97819,35.33219,25.55021,30.07938,42.79934,35.02894,32.12406,36.06771,49.34266,46.2796,61.39886,56.63187,50.815,68.01613,19.0465,30.07553,16.29237,7.959387,42.5592,60.70459,56.93787,62.99998,50.71166,54.92286,46.75159,41.25049,62.29413,56.91144,12.28151,14.32649,26.94444,39.10287,27.59465,17.09234,19.48789,9.410339,12.58679,43.86012,51.1213,46.30693,42.0654,58.5504,69.85439,58.53841,64.69977,68.03839,52.27064,26.4742,30.62575,31.33532
22.95491,23.46694,17.69279,19.01548,18.37951,22.184,24.77246,28.10099,12.00295,20.34282,26.79774,23.10753,28.69537,21.23195,31.89804,7.285513,21.71967,20.90356,25.90318,17.5652,28.25502,13.5547,30.29569,21.51506,32.17433,21.03554,22.47256,21.44702,26.70216,20.67605,17.20061,12.38021,23.57252,15.88669,24.40576,30.00512,18.71771,23.77981,15.79843,7.984429,0,34.66885,6.3805,7.882035,10.17691,14.47107,18.86786,35.93165,35.93726,26.36405,29.60173,42.61508,34.13988,32.42559,35.80757,50.31589,47.61836,62.29137,57.59825,51.4685,68.44754,24.16849,32.51091,21.8493,14.35527,43.30854,61.58074,57.77385,62.89114,50.99015,54.36669,45.94862,39.7244,60.79343,54.63064,6.437449,7.143382,31.14748,41.52029,30.42105,20.52198,21.54358,12.39649,13.30276,45.43299,52.30585,47.50885,42.33206,58.60054,69.47843,57.71812,63.51025,66.99973,50.15351,22.06819,25.95111,26.29218
34.76479,31.44924,39.90206,48.37628,38.41967,49.15653,34.41562,56.92911,42.42915,52.52364,50.3013,42.48145,59.79688,35.73258,59.33843,40.7733,36.41353,53.49712,49.2728,40.23462,59.38508,47.07385,58.10686,43.73889,15.57002,20.2259,15.27894,18.07224,11.9474,18.49708,19.32945,25.25628,12.8933,20.50903,11.44584,9.797534,16.05957,13.32058,37.43114,36.56521,34.66885,0,30.84652,27.00389,26.48025,21.5104,17.18239,20.84485,14.64987,18.26176,12.34781,14.13408,9.35786,10.78601,7.411733,30.98711,27.619,38.52657,32.37653,33.61624,40.83794,31.78383,32.71694,30.38705,33.09651,19.42975,33.20894,27.73388,31.47845,19.49375,21.04104,12.23091,5.246497,27.70441,26.60249,29.01479,38.67341,26.03398,22.79134,20.81757,24.30254,21.82482,28.30959,24.94654,23.66723,25.95206,20.37519,12.54524,34.15724,39.53985,30.52751,33.77209,34.8593,25.33313,39.40875,35.68892,39.89876
20.82618,21.24167,17.95073,21.77188,19.72052,25.71895,24.37792,32.28465,13.62272,23.93515,30.66446,25.8885,33.28455,22.48465,36.81276,11.90135,23.81415,26.13859,30.57522,21.27735,33.89718,19.33722,36.17822,26.40584,26.88151,15.13686,17.55837,18.06293,23.55027,18.76774,12.06993,6.840419,20.71355,14.29435,20.2477,24.93943,15.5114,18.90201,13.62363,6.477973,6.3805,30.84652,0,5.770342,8.091379,11.87618,15.03491,31.21039,31.45664,22.20323,25.69071,38.3921,30.29689,27.63445,31.03568,46.78155,43.58798,58.53614,53.45259,48.41737,64.54985,19.66185,29.80088,16.25701,9.23649,38.95786,57.09362,52.9105,58.68496,46.14751,50.0219,41.54969,35.70719,57.24353,52.19879,6.812062,13.39657,25.32359,36.29541,24.8727,14.41751,16.64374,6.063789,8.913151,40.81773,47.63185,42.43675,37.38971,55.26062,65.79273,54.56597,60.32423,63.36894,47.93029,25.7316,28.60942,29.90007
20.07557,19.38882,18.30952,23.39577,18.20139,25.69508,21.59065,32.74732,16.61247,26.30542,29.27563,23.55612,34.40573,19.36619,36.30147,13.8718,20.2278,27.34679,28.55649,18.93603,34.29172,20.58955,35.22028,23.62397,24.81351,14.52223,14.865,13.95894,18.95011,13.5036,10.22251,7.592235,15.87115,8.719463,16.55319,22.49804,11.01972,16.58661,15.91599,11.21353,7.882035,27.00389,5.770342,0,6.839411,8.68898,12.22609,28.84712,28.28939,19.11289,21.83579,34.77992,26.28806,24.68373,28.07401,43.3459,40.48495,55.05558,50.15016,44.73774,60.89333,20.2875,27.6637,18.11476,13.11479,35.71893,53.9162,50.02768,55.0482,43.20019,46.49803,38.14936,31.99169,52.99082,47.2317,4.815744,13.32068,25.42611,34.42602,23.74311,15.0562,14.93383,8.940929,6.917656,38.08497,44.71885,39.88387,34.60004,51.28395,61.76988,50.19944,55.86987,59.19032,42.92584,22.06805,23.88378,25.66137
26.53572,25.81916,24.69878,28.57148,24.8654,31.33535,28.2939,37.81606,21.0281,30.41149,35.00397,29.78502,38.74622,25.91361,41.08495,17.43115,26.33876,30.88883,33.56501,24.58546,37.76626,23.27285,38.6686,27.94643,26.6948,15.81646,16.5051,17.99845,21.2582,17.23062,10.12111,6.469004,17.64082,11.91675,17.67923,22.2975,11.90982,15.44365,21.30046,14.34949,10.17691,26.48025,8.091379,6.839411,0,5.136012,9.600409,32.24118,30.78147,23.00864,24.42673,36.49731,28.09792,26.1225,28.23667,47.39975,44.18059,58.53581,53.13135,49.13298,63.60228,25.19244,33.66501,21.46203,16.21713,38.38931,56.08561,51.31276,56.50364,43.75596,46.94155,38.04496,31.6115,53.71299,49.11183,4.452376,14.43109,28.10157,37.02448,26.36139,17.18599,18.96184,10.85353,12.07936,41.04646,47.00457,41.33393,35.02903,54.62595,63.87918,52.8553,57.87931,60.4635,45.50373,27.11956,28.55069,30.1157
27.03195,25.55239,26.8016,31.97465,26.27875,34.06076,28.05021,40.95497,24.84798,34.44672,36.97388,30.95222,42.38786,26.21761,43.84575,21.53418,26.56096,34.79314,35.39852,26.21647,41.31171,27.38862,41.44917,29.46272,23.47523,14.21467,13.3213,15.21307,17.08161,14.12787,7.849406,7.920537,13.32929,9.29593,13.49269,18.26879,7.706898,11.53491,23.74121,18.34454,14.47107,21.5104,11.87618,8.68898,5.136012,0,5.150546,29.30773,27.00862,20.26995,20.53451,32.11372,23.70296,22.17451,23.83772,43.98031,40.76302,54.72084,49.21151,45.80095,59.36995,25.46378,32.49509,22.11346,18.70177,34.5181,51.90478,47.0411,51.90267,39.3129,42.1834,33.27374,26.68863,48.75238,44.38855,8.225673,18.3282,26.76212,33.9565,24.12354,16.74641,17.46782,12.86606,12.18656,37.52971,43.05984,37.37139,30.71336,50.59389,59.3111,48.43806,53.19447,55.62589,41.05638,27.70678,27.80904,30.05557
27.73436,25.913,29.16857,35.44107,28.88774,37.66082,29.23674,44.87761,28.17925,38.33993,40.54387,33.96983,46.5948,28.48516,48.02073,25.72807,29.1954,39.29846,39.34537,29.85378,45.97946,32.08439,46.12315,33.58629,19.45356,11.55237,10.03417,13.97401,14.60432,14.02809,5.792896,9.238738,11.33133,10.75896,9.886052,13.39049,6.31347,6.605404,25.51496,21.34465,18.86786,17.18239,15.03491,12.22609,9.600409,5.150546,0,26.03896,23.27726,17.98621,17.39599,28.03892,20.06371,17.95034,19.06575,41.08727,37.52967,51.32594,45.4796,43.29222,55.58403,24.84068,31.75753,21.26963,19.78819,30.74748,47.70566,42.44476,47.62823,34.55681,37.63664,28.60326,22.22116,44.74613,41.48058,12.99398,23.32889,23.85848,30.0438,20.79858,15.017,15.86442,13.90536,13.08978,33.77811,38.89841,32.8285,25.9185,47.39946,55.46784,45.1516,49.6772,51.64229,38.52876,31.15184,30.47233,33.29792
22.81047,19.99091,31.59507,41.89075,31.67216,43.08115,25.10707,50.98864,37.64281,47.35054,44.95934,37.08479,54.78649,30.03559,55.07844,39.30539,32.67804,50.90396,46.69603,37.53267,57.32856,46.61697,57.61618,43.87831,8.351873,18.50209,16.20096,16.23654,16.3983,20.92449,22.81686,27.86352,19.65362,24.70524,16.98253,16.50827,22.52697,20.97364,29.37604,33.97819,35.93165,20.84485,31.21039,28.84712,32.24118,29.30773,26.03896,0,6.72194,10.12051,11.33285,13.82268,13.031,10.66407,15.56105,17.97042,13.39661,28.50353,23.06174,21.32287,34.78847,18.9336,16.62772,21.2656,28.0702,10.03209,27.16248,24.81716,31.07243,21.60054,26.32122,22.07346,21.2772,34.08958,31.45148,33.19693,41.63443,13.03583,7.084606,8.975525,19.43175,14.63916,26.88202,22.66396,9.935143,17.61194,15.04603,16.15186,26.96235,37.7089,28.32768,34.70693,37.65204,27.58551,38.71553,36.40683,40.78989
26.48714,23.13822,34.36299,44.37415,33.59399,45.16067,27.26535,53.16211,39.68774,49.59813,46.51314,38.39686,56.83886,31.17733,56.56278,40.23312,33.14716,52.23343,47.33164,38.16202,58.40058,47.28661,57.96094,43.61988,7.543785,18.57517,14.59819,15.11573,12.40198,18.69427,21.48226,27.28461,15.9886,22.6964,13.61967,12.77227,19.83017,18.08269,32.31841,35.33219,35.93726,14.64987,31.45664,28.28939,30.78147,27.00862,23.27726,6.72194,0,10.41222,7.344841,8.240777,6.757231,6.135199,10.11961,18.84993,14.62191,28.45405,22.50459,22.09732,33.4195,23.26632,21.04926,24.47464,30.12725,7.669333,25.67728,22.37116,27.77227,17.45946,21.3839,16.17368,14.78739,28.97064,26.52233,32.15705,41.13638,17.09564,9.99805,11.77034,20.86425,16.10593,27.61222,23.11071,10.688,16.45384,12.76887,11.25502,25.61527,34.95395,25.20397,30.92246,33.54747,23.22935,38.40009,35.21546,39.7942
17.10142,13.85071,24.1527,34.01429,23.59553,35.03843,18.54107,43.04532,29.39482,39.19433,36.98785,29.06915,46.55078,21.95441,46.7791,30.06706,24.27033,41.91814,38.013,28.46939,48.28305,37.15839,48.37194,34.53912,9.54849,12.15576,8.627737,6.213294,9.206642,11.3778,14.65782,19.42259,11.32388,14.77145,9.697249,13.6355,13.44891,14.78135,22.32737,25.55021,26.36405,18.26176,22.20323,19.11289,23.00864,20.26995,17.98621,10.12051,10.41222,0,6.578573,18.14299,11.6863,10.06367,15.79047,24.81663,21.47863,36.34333,31.34187,26.94208,42.52241,15.04268,15.33226,16.70986,21.03397,17.22688,35.54961,32.71023,37.93296,27.55244,31.36499,24.91206,21.09183,38.30185,33.43541,23.49378,31.71737,14.18401,16.54932,9.658118,13.62952,6.841475,18.90821,13.40443,19.15479,26.2599,22.72729,20.09124,33.32308,44.37634,33.36596,39.67653,43.16614,28.9432,29.73908,27.95389,32.08003
23.33166,19.76732,29.82311,39.32742,28.449,39.85241,23.14975,47.83266,34.5082,44.29531,41.07542,32.98716,51.304,25.83593,50.83459,34.19676,27.38321,46.19336,41.27335,32.01167,52.18123,40.9247,51.45805,37.02055,9.319359,14.94389,9.574473,8.61285,5.222543,11.49224,16.06618,21.81471,8.777855,15.50305,7.552506,10.82176,13.00262,13.59057,28.22001,30.07938,29.60173,12.34781,25.69071,21.83579,24.42673,20.53451,17.39599,11.33285,7.344841,6.578573,0,13.17484,5.313924,6.385764,11.01333,23.72341,20.44838,34.2014,28.81717,26.00157,39.26161,21.46876,20.37671,22.23398,26.05518,14.33866,32.26458,28.92568,33.3716,22.96154,25.96645,19.19554,14.94266,32.52133,28.04337,25.53091,34.33955,18.28163,16.55178,12.79786,17.79443,12.31769,22.77559,17.51013,17.72646,23.46221,19.59796,15.59243,30.40008,40.10887,29.17035,34.83446,37.97297,24.18214,32.03319,28.9732,33.41714
34.31167,30.71559,42.06591,51.97946,40.68277,52.25914,33.91603,60.22898,47.36155,57.17311,52.90282,44.68872,64.00699,37.51957,63.01138,47.34625,38.97469,59.24157,53.20475,44.46349,65.01205,54.08892,63.84498,49.10973,14.38899,25.5574,21.09265,21.76523,16.8239,23.97859,27.61557,33.72287,20.39462,28.1697,18.82357,16.73259,25.01253,22.85255,40.35727,42.79934,42.61508,14.13408,38.3921,34.77992,36.49731,32.11372,28.03892,13.82268,8.240777,18.14299,13.17484,0,8.850111,11.43311,11.03473,18.07912,14.56413,24.64683,18.30583,21.41552,27.66223,31.50279,27.84047,32.47739,37.89438,6.446445,19.983,16.33696,20.31053,11.21173,13.56013,10.19655,11.52238,20.76722,20.16463,38.18335,47.301,24.49859,13.87591,19.38145,28.37058,24.01183,34.83593,30.37651,11.0059,12.33693,9.604537,8.493795,21.12716,27.94094,19.09214,23.68442,25.60755,18.46264,43.68405,39.44524,44.21064
28.44442,24.76616,35.05953,44.51468,33.39955,44.78712,27.69257,52.73493,39.68095,49.44239,45.58317,37.43818,56.25418,30.32388,55.37531,39.06857,31.54499,51.03903,45.46302,36.50119,56.79865,45.61392,55.62865,40.95022,11.15603,19.00158,13.61053,13.62546,8.020031,15.34225,19.85371,25.88621,11.55099,19.36314,10.61089,11.44033,16.37337,15.80809,33.51162,35.02894,34.13988,9.35786,30.29689,26.28806,28.09792,23.70296,20.06371,13.031,6.757231,11.6863,5.313924,8.850111,0,6.661436,8.594986,22.49959,19.30014,31.63529,25.96752,24.99143,35.68335,26.41277,24.3086,26.96597,30.992,12.01361,28.65708,25.01776,28.82946,18.70466,20.99373,14.40696,10.55346,27.34073,23.72143,29.57291,38.56609,21.65357,16.57015,16.01866,22.21195,17.40487,27.39855,22.49274,16.32733,20.49027,16.66319,12.09158,27.45868,35.82746,25.31917,30.36775,33.08621,20.65505,35.82882,31.98397,36.58565
26.89447,23.86843,33.63856,43.09533,33.23171,44.49994,28.40847,52.48391,37.4294,47.82031,46.4388,38.4839,55.67156,31.36915,56.01611,37.47301,33.16641,50.29376,46.81452,37.23057,56.80941,44.6539,56.62165,42.48175,5.06527,14.19163,10.09928,13.20378,10.32425,16.77605,16.60323,22.64076,12.85161,19.60196,9.009952,6.645234,15.61374,12.27009,30.65262,32.12406,32.42559,10.78601,27.63445,24.68373,26.1225,22.17451,17.95034,10.66407,6.135199,10.06367,6.385764,11.43311,6.661436,0,5.900447,24.97284,20.6888,34.20298,27.93517,28.14153,38.47057,22.6775,24.0441,22.18255,27.01993,13.21881,30.13653,25.4109,31.31603,18.76754,22.93076,15.55415,12.34136,31.25846,29.65592,28.10617,37.75682,15.96807,13.29673,10.48477,17.28107,14.00005,23.69164,20.08513,16.12027,21.02178,15.38098,10.46915,31.19397,39.32248,29.94562,34.94825,36.82122,26.86167,37.81422,35.10698,39.43407
32.63188,29.61836,38.93817,48.05382,38.41538,49.51855,33.88758,57.45513,41.95506,52.48515,51.36392,43.4354,60.44212,36.39337,60.74017,41.47292,37.84691,54.60461,51.26371,41.75027,61.08144,48.50164,60.63715,46.42018,9.695417,17.69149,13.84147,17.90924,13.51488,20.46094,19.20072,25.3011,15.44958,22.77481,11.80498,6.587046,18.07005,13.20224,35.65995,36.06771,35.80757,7.411733,31.03568,28.07401,28.23667,23.83772,19.06575,15.56105,10.11961,15.79047,11.01333,11.03473,8.594986,5.900447,0,27.73165,23.45846,35.31661,28.63763,31.09184,38.16333,28.09437,29.83718,26.75773,31.16057,15.06553,29.40023,23.46666,29.26435,15.52783,19.35813,10.863,7.61786,28.21029,28.65285,30.82932,40.8558,20.28044,16.14638,15.27997,21.25235,19.21665,27.22954,24.38452,18.37451,21.13657,14.49688,6.899935,32.13808,38.0549,29.8288,33.67077,34.43223,27.09513,41.91553,38.80837,43.1275
33.99963,30.66126,43.11777,53.39889,41.41392,52.42965,32.40871,59.86509,51.40052,59.46842,51.94644,44.24065,64.63023,37.84338,62.54127,52.85924,39.79855,62.19138,53.74747,46.58988,67.06502,59.1238,65.83064,51.85361,25.23386,35.81188,32.1937,29.5795,27.58521,32.06008,38.96416,44.18362,31.55474,37.28522,31.23411,31.59734,36.37195,36.63988,43.57073,49.34266,50.31589,30.98711,46.78155,43.3459,47.39975,43.98031,41.08727,17.97042,18.84993,24.81663,23.72341,18.07912,22.49959,24.97284,27.73165,0,5.448924,12.53354,11.01165,4.648897,20.86847,33.91838,23.17459,38.1097,44.46949,12.96601,18.48552,22.40045,23.51141,24.58563,25.9585,27.53842,29.33638,28.60198,23.85456,47.6674,54.83338,30.34626,18.78498,26.93673,36.91776,30.86919,43.46376,37.87033,11.9394,14.37364,20.04367,25.20774,11.17796,25.27421,16.05074,23.43707,28.61894,20.01395,45.7408,41.56538,46.23824
32.03277,28.82658,41.31177,51.73333,40.21699,51.50393,31.7239,59.15438,48.95224,57.65494,51.7879,43.92293,63.64628,37.19148,62.34321,50.53082,39.39765,60.73753,53.60286,45.7148,66.17548,57.22258,65.42742,51.36406,20.4977,31.6365,28.3668,26.77145,24.89672,29.91546,35.22145,40.54252,28.85487,34.83422,27.72225,27.23762,33.30362,32.6142,40.81652,46.2796,47.61836,27.619,43.58798,40.48495,44.18059,40.76302,37.52967,13.39661,14.62191,21.47863,20.44838,14.56413,19.30014,20.6888,23.45846,5.448924,0,15.29057,11.09969,9.930617,22.63061,30.55132,21.96456,34.14942,40.89546,8.576026,17.47753,19.47334,22.80059,20.81841,23.41315,24.05195,25.96663,28.14244,25.1586,44.80683,52.58655,25.62636,13.38103,22.25225,32.75941,27.26538,39.81532,34.74165,6.583675,10.80117,15.30699,20.74057,14.50676,26.77045,18.14185,25.07599,29.09236,21.67915,45.45424,41.69776,46.39378
46.41548,43.15802,55.62617,65.92127,53.91728,64.87874,44.84817,72.23572,63.79965,71.99348,64.09737,56.46315,77.07662,50.16632,74.6755,65.18646,51.90662,74.6784,65.74806,58.86445,79.41891,71.49394,77.85678,63.75054,34.79203,46.5098,42.84551,41.12731,38.04955,43.3883,49.74045,55.32278,42.05612,48.60491,41.48649,40.44956,47.11531,46.36921,55.81689,61.39886,62.29137,38.52657,58.53614,55.05558,58.53581,54.72084,51.32594,28.50353,28.45405,36.34333,34.2014,24.64683,31.63529,34.20298,35.31661,12.53354,15.29057,0,7.312543,13.42384,9.508811,45.64171,35.48362,49.38409,56.17756,21.00988,12.52377,20.40296,18.0338,26.39088,26.02269,31.43209,35.4237,25.93794,24.87405,59.20138,66.80211,40.36922,26.79737,37.15679,47.89562,42.42984,54.94205,49.67681,19.58732,16.14578,24.14245,30.81293,7.16637,16.05664,13.85532,18.34069,22.45627,23.81215,57.55088,52.80861,57.5327
43.11395,39.8384,52.32387,62.72935,51.00112,62.32414,42.39894,69.96271,59.74609,68.61451,62.20248,54.2939,74.50651,47.5862,72.78309,61.00927,49.44721,71.44475,63.66766,56.01261,76.71281,67.66953,75.49098,61.12218,28.52688,40.63191,37.09147,36.3091,32.97192,38.92569,43.98505,49.71881,36.9423,43.87229,35.7748,33.93854,41.76668,40.16945,51.66529,56.63187,57.59825,32.37653,53.45259,50.15016,53.13135,49.21151,45.4796,23.06174,22.50459,31.34187,28.81717,18.30583,25.96752,27.93517,28.63763,11.01165,11.09969,7.312543,0,14.10874,11.90513,41.20036,32.9626,44.19839,51.09984,14.847,7.692457,13.85899,14.11586,19.35311,19.9047,24.78114,29.08865,22.35282,23.07583,54.18753,62.42043,34.68395,20.55689,31.29578,42.2281,37.28559,49.55857,44.73678,13.46177,8.861243,16.86782,23.75187,8.937373,16.74391,13.08117,17.88064,20.69061,22.16195,55.08728,50.57117,55.38728
34.7191,31.31383,43.53416,53.58789,41.30708,51.97578,32.02192,59.17692,52.29353,59.73998,50.8407,43.34547,64.14428,37.32371,61.39425,53.63253,39.04696,62.11854,52.62131,46.15119,66.477,59.47205,64.84823,51.06282,28.66367,38.50752,34.66864,31.16732,29.30202,33.08466,41.26442,46.29827,33.17629,38.46824,33.54211,34.7591,38.16526,39.34616,44.83039,50.815,51.4685,33.61624,48.41737,44.73774,49.13298,45.80095,43.29222,21.32287,22.09732,26.94208,26.00157,21.41552,24.99143,28.14153,31.09184,4.648897,9.930617,13.42384,14.10874,0,21.99046,35.8981,23.60848,40.55731,46.46679,16.86475,21.67617,26.33164,26.10395,28.52401,29.20258,30.89307,32.22958,30.42667,23.82775,49.03978,55.56012,33.65592,23.02493,30.21527,39.55574,33.06624,45.54983,39.54036,16.40048,18.71321,24.43517,29.06024,11.24971,26.2394,16.39085,23.9236,30.05287,19.46706,44.84306,40.42238,45.00423
54.43005,50.99946,63.48707,73.80319,61.64516,72.83724,52.78467,80.34155,71.09675,79.73665,71.98341,64.16521,85.05862,57.68244,82.53981,72.01005,59.14163,82.10509,73.11434,66.06845,86.88839,78.37245,84.98349,70.50522,39.70014,51.84884,47.92576,47.00793,42.84827,48.92548,54.74062,60.64904,46.73611,53.99411,46.05366,44.08878,51.92117,50.43021,63.25711,68.01613,68.44754,40.83794,64.54985,60.89333,63.60228,59.36995,55.58403,34.78847,33.4195,42.52241,39.26161,27.66223,35.68335,38.47057,38.16333,20.86847,22.63061,9.508811,11.90513,21.99046,0,53.02528,43.94673,56.00505,62.73106,25.85751,10.78981,19.0429,13.0626,26.19806,24.07337,31.68006,36.83428,21.64594,24.5221,64.71606,72.8591,46.44324,32.12667,42.92483,53.738,48.72931,60.88712,55.88129,25.19625,19.08133,26.52814,32.76783,11.89054,7.94815,14.28594,14.23922,15.85152,25.9046,64.33376,59.10214,63.91189
9.906121,11.15468,16.45101,25.737,19.99827,29.22199,18.52079,36.55551,21.23487,30.74821,33.78909,27.64404,39.53235,22.40072,42.49148,25.14976,26.04526,36.12824,36.81364,27.55315,43.57834,32.75298,46.20848,35.37866,19.13889,14.87709,17.55052,16.96529,23.29601,21.75988,19.20101,19.9324,23.71642,22.25708,21.49267,24.06171,22.35446,23.03296,11.95293,19.0465,24.16849,31.78383,19.66185,20.2875,25.19244,25.46378,24.84068,18.9336,23.26632,15.04268,21.46876,31.50279,26.41277,22.6775,28.09437,33.91838,30.55132,45.64171,41.20036,35.8981,53.02528,0,15.30932,6.975886,12.86267,28.84306,45.80645,43.25383,49.99359,39.17441,44.24964,38.013,34.7782,52.20374,47.81238,24.73407,30.62819,12.13357,23.55878,14.09795,11.60725,10.32703,15.6276,13.85863,28.47653,36.29467,32.88605,31.82539,44.31274,56.37956,46.09898,52.90022,56.34487,42.9545,32.07239,33.56043,36.32819
11.56342,9.232479,20.79877,30.94661,20.2851,30.68462,12.31936,38.03374,30.04663,37.13555,31.85045,24.7499,42.6082,18.94689,42.1244,32.84752,22.35603,40.89164,35.09768,27.52674,46.31255,38.95599,46.81755,34.60662,22.16857,24.49208,23.17829,18.39344,22.60963,21.7097,27.54619,30.16373,24.72346,25.2487,24.75639,28.66683,26.68421,29.6506,22.34954,30.07553,32.51091,32.71694,29.80088,27.6637,33.66501,32.49509,31.75753,16.62772,21.04926,15.33226,20.37671,27.84047,24.3086,24.0441,29.83718,23.17459,21.96456,35.48362,32.9626,23.60848,43.94673,15.30932,0,21.71054,26.30213,23.72472,39.34136,39.56339,43.89382,37.44503,41.04905,37.07321,34.69356,46.45708,39.3931,32.41227,37.21563,20.80288,22.63539,19.5772,23.43178,17.18741,27.42514,21.9018,23.33648,31.17742,31.10198,32.12027,33.78505,47.78569,36.59543,44.13824,49.23963,33.64878,29.45683,28.72113,32.29007
15.5574,16.6007,19.42888,27.28522,23.36609,31.84168,23.5884,38.98406,20.76339,31.28973,37.10343,31.23958,41.15295,26.15653,45.04081,24.07542,29.35435,36.58193,39.41511,29.74667,44.60643,32.08106,47.61656,37.10202,18.62405,10.92314,15.61352,17.68348,23.62606,22.39853,15.49179,15.42371,23.27429,21.55715,20.11964,21.63538,20.5495,19.60009,12.61645,16.29237,21.8493,30.38705,16.25701,18.11476,21.46203,22.11346,21.26963,21.2656,24.47464,16.70986,22.23398,32.47739,26.96597,22.18255,26.75773,38.1097,34.14942,49.38409,44.19839,40.55731,56.00505,6.975886,21.71054,0,8.578172,30.88117,47.88682,44.11562,51.46782,39.05492,44.40834,37.28754,33.69723,53.11748,49.91286,21.91325,28.87037,11.2568,24.94983,13.81522,6.731696,10.35266,10.99235,12.33621,30.89328,38.16259,33.3972,31.07415,47.90516,58.81669,48.96278,55.23798,57.91225,45.5993,34.47291,36.18417,38.77184
17.08478,18.67122,16.29353,21.72837,20.48685,27.02422,23.97139,33.68891,13.75186,24.68134,32.97445,28.13315,35.04044,24.31867,39.67404,16.41363,26.9169,29.50341,34.6412,25.25603,37.81314,24.38537,41.26203,32.02185,24.61973,13.58643,18.05104,19.34609,25.73246,22.36488,14.69062,11.3178,24.09693,19.64228,22.10995,25.2157,19.85349,20.84643,8.785947,7.959387,14.35527,33.09651,9.23649,13.11479,16.21713,18.70177,19.78819,28.0702,30.12725,21.03397,26.05518,37.89438,30.992,27.01993,31.16057,44.46949,40.89546,56.17756,51.09984,46.46679,62.73106,12.86267,26.30213,8.578172,0,37.17437,54.88181,50.92022,57.71716,45.06239,49.87998,41.99701,37.26873,58.05701,53.88299,15.87565,21.3853,19.44491,32.49056,20.88192,10.39715,14.28668,5.996868,10.34815,37.93728,45.16921,40.16164,36.56589,53.96409,64.97868,54.37901,60.55712,63.47061,49.43866,30.67412,33.63323,35.33702
31.57751,28.16756,40.18276,50.45402,39.16079,50.7618,31.69993,58.68458,46.42839,55.97374,51.52477,43.38565,62.72248,36.25697,61.87114,47.26565,38.20219,58.69082,52.59156,43.95272,64.52788,54.18094,63.76338,49.29547,14.15526,26.02228,22.26711,22.14284,18.93991,25.23807,29.14912,34.93978,22.80458,29.75014,21.0603,19.53005,27.20399,25.45294,38.69985,42.5592,43.30854,19.42975,38.95786,35.71893,38.38931,34.5181,30.74748,10.03209,7.669333,17.22688,14.33866,6.446445,12.01361,13.21881,15.06553,12.96601,8.576026,21.00988,14.847,16.86475,25.85751,28.84306,23.72472,30.88117,37.17437,0,18.34228,16.53025,21.30082,14.31911,17.64372,16.04313,17.59776,24.45308,22.96148,39.65148,48.35266,22.18785,9.837229,17.70388,27.99767,23.15185,35.07272,30.43236,4.947451,9.425667,9.245008,12.42738,18.66528,27.94705,19.02542,24.89897,27.62995,20.22414,43.67911,39.85328,44.61298
48.79517,45.5527,57.88618,68.28178,56.7986,68.29616,48.60271,76.08255,64.56354,73.96942,68.48583,60.43719,80.40661,53.52513,79.00921,65.60001,55.3106,76.80325,69.6592,61.61421,82.36818,72.47923,81.18982,66.59887,30.98085,43.40041,39.98808,40.40043,36.36834,43.02549,46.70624,52.64541,40.15313,47.63252,38.47453,35.30459,44.78711,42.01417,56.48254,60.70459,61.58074,33.20894,57.09362,53.9162,56.08561,51.90478,47.70566,27.16248,25.67728,35.54961,32.26458,19.983,28.65708,30.13653,29.40023,18.48552,17.47753,12.52377,7.692457,21.67617,10.78981,45.80645,39.34136,47.88682,54.88181,18.34228,0,8.687461,8.608903,16.53427,16.38037,23.30048,29.04797,19.15193,24.54357,57.67113,66.54776,37.70479,23.22157,34.35273,45.33102,41.22629,52.92372,48.69833,17.35466,9.745693,16.47746,23.36278,14.27435,13.92557,15.60601,17.18674,16.7966,25.49729,60.69578,56.06473,60.9308
47.51482,44.37966,56.18713,66.40412,55.53286,67.1339,48.22358,75.08771,61.681,71.72374,68.02249,59.86061,78.98264,52.71019,78.33172,62.44049,54.5104,74.59766,68.88124,60.16346,80.66473,69.58001,79.83182,65.1885,26.39171,38.57802,35.46807,37.32736,32.99605,40.15695,41.79896,47.78498,36.4176,44.13555,33.97704,29.49675,40.48564,36.44031,53.78205,56.93787,57.77385,27.73388,52.9105,50.02768,51.31276,47.0411,42.44476,24.81716,22.37116,32.71023,28.92568,16.33696,25.01776,25.4109,23.46666,22.40045,19.47334,20.40296,13.85899,26.33164,19.0429,43.25383,39.56339,44.11562,50.92022,16.53025,8.687461,0,10.14797,8.894585,10.61337,16.75577,23.24207,18.04341,25.80707,53.44803,62.96849,33.76067,20.01841,30.33246,40.83864,37.78331,48.49285,45.06886,16.32063,8.784719,10.78422,16.77417,20.64165,19.85036,19.92859,21.07612,18.89141,27.08058,59.63821,55.33752,60.16139
52.7,49.12541,61.20972,71.38938,59.56292,71.11613,51.66593,78.95882,67.32624,76.87225,70.91576,62.75634,83.15132,55.81545,81.29422,67.52014,57.08668,78.9389,71.30952,63.37572,84.24857,74.1117,82.43989,67.55531,33.372,45.33688,41.27687,41.8725,36.63547,43.62251,47.67531,53.82282,40.14151,48.07738,38.93955,35.72765,45.00852,42.29998,59.89,62.99998,62.89114,31.47845,58.68496,55.0482,56.50364,51.90267,47.62823,31.07243,27.77227,37.93296,33.3716,20.31053,28.82946,31.31603,29.26435,23.51141,22.80059,18.0338,14.11586,26.10395,13.0626,49.99359,43.89382,51.46782,57.71716,21.30082,8.608903,10.14797,0,15.50697,11.85728,20.65296,26.73736,11.24239,20.13078,58.33175,67.35344,41.81753,27.83794,37.74055,47.92717,43.87035,54.93677,50.62749,22.19486,14.75527,19.07602,23.3779,16.84087,10.551,14.13591,12.20337,9.037941,23.11348,61.73579,56.50832,61.3815
43.74379,40.54583,51.62274,61.47374,50.93911,62.47149,44.54388,70.47866,56.07823,66.42474,63.64865,55.47155,74.00683,48.2636,73.64241,56.22759,49.84061,68.90122,63.97568,54.93167,75.11436,63.30713,74.283,59.64664,20.65067,31.99245,28.65114,31.36845,26.5071,33.91055,34.53562,40.58833,29.48065,37.33719,26.79841,21.78444,33.19499,28.64669,48.79232,50.71166,50.99015,19.49375,46.14751,43.20019,43.75596,39.3129,34.55681,21.60054,17.45946,27.55244,22.96154,11.21173,18.70466,18.76754,15.52783,24.58563,20.81841,26.39088,19.35311,28.52401,26.19806,39.17441,37.44503,39.05492,45.06239,14.31911,16.53427,8.894585,15.50697,0,6.894821,8.28395,14.88613,17.8894,24.61545,46.21858,56.04158,29.55535,17.81636,25.49191,34.8063,32.26784,41.93666,38.84793,16.08313,11.94272,7.721737,8.858458,24.67416,25.6748,22.30472,23.95709,22.24316,25.58126,54.45148,50.32593,55.03673
47.79544,44.25987,55.45144,65.21834,54.04275,65.55992,47.35368,73.51657,60.13823,70.20699,66.00942,57.79634,77.17992,50.69496,76.01113,59.7349,51.82702,72.01549,65.86173,57.29448,77.72399,66.39969,76.16476,61.29509,25.78654,36.70011,32.61182,34.50379,28.70635,36.0937,38.38694,44.54595,31.64869,39.77621,29.97125,25.92183,35.95296,32.35207,53.30105,54.92286,54.36669,21.04104,50.0219,46.49803,46.94155,42.1834,37.63664,26.32122,21.3839,31.36499,25.96645,13.56013,20.99373,22.93076,19.35813,25.9585,23.41315,26.02269,19.9047,29.20258,24.07337,44.24964,41.04905,44.40834,49.87998,17.64372,16.38037,10.61337,11.85728,6.894821,0,9.305826,15.92205,11.19737,19.97618,49.28055,58.82137,35.49639,23.56076,30.97659,39.83963,36.68798,46.3616,42.71999,20.21596,15.04135,13.73613,13.83364,23.23527,21.59746,19.10344,18.96551,16.47967,22.461,55.9616,51.11481,55.87082
41.94336,38.54756,48.78451,58.1246,47.60714,58.91484,41.99991,66.86144,52.44623,62.74249,59.89815,51.78533,70.13447,44.70325,69.53468,51.69128,45.79186,64.42539,59.48751,50.51944,70.40915,58.38418,69.16745,54.50989,19.09829,28.5539,24.44878,27.26028,21.41143,28.8122,29.69851,35.79913,23.79864,31.80644,21.67213,17.23655,27.50211,23.38722,46.12982,46.75159,45.94862,12.23091,41.54969,38.14936,38.04496,33.27374,28.60326,22.07346,16.17368,24.91206,19.19554,10.19655,14.40696,15.55415,10.863,27.53842,24.05195,31.43209,24.78114,30.89307,31.68006,38.013,37.07321,37.28754,41.99701,16.04313,23.30048,16.75577,20.65296,8.28395,9.305826,0,7.128119,18.3482,22.74757,40.64223,50.43903,29.52834,20.58134,24.70451,32.05035,29.51901,38.02351,34.82243,19.606,17.99944,12.90549,7.25583,28.03322,29.96546,24.17377,25.8697,24.97298,23.57803,49.60756,45.32404,49.89512
38.08947,34.6669,43.98389,52.84254,42.53213,53.54119,37.74701,61.39119,47.03891,57.198,54.51359,46.54209,64.44941,39.6366,63.81879,45.69841,40.43152,58.38276,53.67373,44.72409,64.24291,52.11094,62.86995,48.3285,16.92392,24.02267,19.34803,22.06256,15.79917,22.88446,23.99873,30.03062,17.53695,25.43136,15.90239,12.75455,21.1006,17.75064,41.50564,41.25049,39.7244,5.246497,35.70719,31.99169,31.6115,26.68863,22.22116,21.2772,14.78739,21.09183,14.94266,11.52238,10.55346,12.34136,7.61786,29.33638,25.96663,35.4237,29.08865,32.22958,36.83428,34.7782,34.69356,33.69723,37.26873,17.59776,29.04797,23.24207,26.73736,14.88613,15.92205,7.128119,0,23.02395,23.87287,34.17284,43.85124,27.78286,21.86741,22.58419,27.90749,25.31589,32.78166,29.42829,21.83627,22.5881,17.18574,9.515877,31.24159,35.18549,27.26727,29.82755,30.19393,23.56742,43.71903,39.61023,44.00408
54.09321,50.17874,61.53678,71.17199,59.09502,70.40831,51.83681,78.15958,66.91897,76.31259,69.64628,61.54428,82.13427,54.79503,79.63359,65.97131,55.33376,77.24966,69.00039,61.4415,82.05604,71.94947,79.41676,64.4465,34.75309,45.25164,40.37871,40.73885,34.32225,41.13405,46.09847,52.24125,37.25943,45.27387,37.04824,34.65128,42.30074,40.38848,60.59665,62.29413,60.79343,27.70441,57.24353,52.99082,53.71299,48.75238,44.74613,34.08958,28.97064,38.30185,32.52133,20.76722,27.34073,31.25846,28.21029,28.60198,28.14244,25.93794,22.35282,30.42667,21.64594,52.20374,46.45708,53.11748,58.05701,24.45308,19.15193,18.04341,11.24239,17.8894,11.19737,18.3482,23.02395,0,14.01768,55.60997,64.37549,44.87591,32.50973,39.9682,48.53844,44.36818,54.34111,49.80085,27.34957,21.81699,23.55448,23.93186,21.78474,15.96304,15.42145,11.30407,8.151277,19.15451,58.87652,53.04679,57.77713
47.18596,42.98196,53.97619,63.20163,50.40407,61.17187,42.82356,68.54337,60.2906,68.49908,59.20835,51.41141,72.84539,45.24449,69.07166,58.98951,45.23613,68.60935,58.29651,51.90817,72.40021,64.09546,68.93262,54.16045,33.55629,42.66744,37.03988,34.87945,28.74658,34.05634,42.69446,48.47224,31.71787,38.80722,33.37345,34.01876,37.45646,38.43537,54.74823,56.91144,54.63064,26.60249,52.19879,47.2317,49.11183,44.38855,41.48058,31.45148,26.52233,33.43541,28.04337,20.16463,23.72143,29.65592,28.65285,23.85456,25.1586,24.87405,23.07583,23.82775,24.5221,47.81238,39.3931,49.91286,53.88299,22.96148,24.54357,25.80707,20.13078,24.61545,19.97618,22.74757,23.87287,14.01768,0,49.98151,57.29503,43.58729,32.72098,38.25661,45.76511,40.06797,50.3624,44.52323,26.70803,24.55406,27.18697,26.88634,18.0889,20.69806,11.10124,11.92367,17.32191,6.416455,48.36277,41.93397,46.57326
24.53818,24.02899,21.52935,24.78113,21.30379,27.1521,25.66597,33.53844,17.82344,26.64228,30.71976,25.83625,34.53022,22.57403,36.64562,13.57472,22.80276,26.71316,29.21006,20.39155,33.45449,19.20853,34.3109,23.72226,28.57818,17.88026,18.3415,18.11467,22.1694,16.81736,12.6945,8.876519,18.6379,11.42991,19.55176,25.12255,13.40804,18.59345,19.21991,12.28151,6.437449,29.01479,6.812062,4.815744,4.452376,8.225673,12.99398,33.19693,32.15705,23.49378,25.53091,38.18335,29.57291,28.10617,30.82932,47.6674,44.80683,59.20138,54.18753,49.03978,64.71606,24.73407,32.41227,21.91325,15.87565,39.65148,57.67113,53.44803,58.33175,46.21858,49.28055,40.64223,34.17284,55.60997,49.98151,0,10.4825,29.47688,38.54982,27.84419,18.65068,19.44455,11.53074,11.57727,42.24258,48.58181,43.43747,37.56916,55.20033,65.20117,53.68729,59.03643,62.14992,45.94834,23.232,25.38487,26.5422
27.86646,28.19221,21.33885,20.11195,20.56532,21.70565,27.77341,26.36353,15.51777,20.18227,25.18763,22.94709,26.34975,22.77361,28.6362,8.761999,22.06797,17.83832,22.80761,16.59121,23.88344,9.980233,25.0412,17.80866,38.10921,27.52289,28.11241,26.2244,30.7284,24.09229,22.96756,18.59293,27.35318,19.3062,29.24518,35.38123,22.96541,29.01496,21.52884,14.32649,7.143382,38.67341,13.39657,13.32068,14.43109,18.3282,23.32889,41.63443,41.13638,31.71737,34.33955,47.301,38.56609,37.75682,40.8558,54.83338,52.58655,66.80211,62.42043,55.56012,72.8591,30.62819,37.21563,28.87037,21.3853,48.35266,66.54776,62.96849,67.35344,56.04158,58.82137,50.43903,43.85124,64.37549,57.29503,10.4825,0,37.95761,47.53068,36.82765,27.41425,27.71066,19.43969,19.48055,50.83883,57.55642,53.02462,47.53285,62.61603,73.47957,61.33631,66.95912,70.74931,52.81175,20.09178,24.61199,23.77422
20.88872,20.24211,28.07416,37.28249,30.68618,40.7436,27.46016,48.28708,31.50228,41.8922,44.82218,37.91365,51.11353,31.6434,53.83476,34.29269,34.83499,46.83797,47.08087,37.30283,54.45144,42.26903,56.54695,44.47552,11.05409,12.66428,15.20487,18.52271,21.88829,24.14297,18.96775,22.1017,23.18673,25.33089,18.85189,17.26287,22.70002,19.16874,22.85744,26.94444,31.14748,26.03398,25.32359,25.42611,28.10157,26.76212,23.85848,13.03583,17.09564,14.18401,18.28163,24.49859,21.65357,15.96807,20.28044,30.34626,25.62636,40.36922,34.68395,33.65592,46.44324,12.13357,20.80288,11.2568,19.44491,22.18785,37.70479,33.76067,41.81753,29.55535,35.49639,29.52834,27.78286,44.87591,43.58729,29.47688,37.95761,0,14.49369,5.635833,11.23311,11.83636,19.66467,18.91402,21.34083,28.07376,23.25215,22.56975,39.68319,49.55735,41.08849,47.03825,49.01583,39.9386,40.63868,40.51051,44.06131
28.93775,26.54943,37.78207,47.97131,38.39734,49.65902,32.01791,57.52008,43.279,53.27619,51.85682,44.06178,61.18284,37.05262,61.90283,45.18889,39.74101,57.22921,53.69738,44.42449,63.93736,52.74925,64.48524,50.81669,10.61191,22.20746,20.68197,22.4724,21.75384,27.17105,27.07987,32.23758,24.94689,30.61589,21.45206,18.38137,27.59281,24.10537,34.73055,39.10287,41.52029,22.79134,36.29541,34.42602,37.02448,33.9565,30.0438,7.084606,9.99805,16.54932,16.55178,13.87591,16.57015,13.29673,16.14638,18.78498,13.38103,26.79737,20.55689,23.02493,32.12667,23.55878,22.63539,24.94983,32.49056,9.837229,23.22157,20.01841,27.83794,17.81636,23.56076,20.58134,21.86741,32.50973,32.72098,38.54982,47.53068,14.49369,0,11.76959,23.13972,20.10666,31.36761,28.25633,7.604431,13.63935,10.31502,14.0687,26.55738,35.37612,28.21575,33.80607,35.49173,29.96044,45.7336,43.3459,47.77013
20.99824,19.25076,28.44009,38.05474,29.87803,40.67146,25.78169,48.49345,32.38058,42.86768,43.94335,36.51482,51.56002,29.76933,53.33218,34.2218,32.59449,46.9369,45.61947,35.78714,54.16855,42.02206,55.42632,42.46517,5.719391,10.97845,11.28539,14.49175,16.71977,19.99323,16.60632,21.0211,18.44382,21.87997,14.15613,12.78997,18.92081,15.64327,24.18655,27.59465,30.42105,20.81757,24.8727,23.74311,26.36139,24.12354,20.79858,8.975525,11.77034,9.658118,12.79786,19.38145,16.01866,10.48477,15.27997,26.93673,22.25225,37.15679,31.29578,30.21527,42.92483,14.09795,19.5772,13.81522,20.88192,17.70388,34.35273,30.33246,37.74055,25.49191,30.97659,24.70451,22.58419,39.9682,38.25661,27.84419,36.82765,5.635833,11.76959,0,11.38365,9.522243,19.69158,17.40848,17.84675,24.60864,19.6125,18.05737,35.70422,45.45434,36.45356,42.31496,44.4592,34.67222,38.2158,37.22452,41.09905
18.63548,18.26941,22.41816,30.33852,24.93361,34.21249,24.64662,41.65959,23.14515,34.15661,38.76047,32.27605,43.78631,26.55091,46.89922,24.64218,29.16519,38.21566,40.0405,29.98299,46.03261,32.63168,48.1622,36.5574,14.58624,4.26623,9.679044,13.78397,18.70685,18.33359,9.368153,10.99221,17.97599,17.2166,14.23877,15.53911,14.9204,12.90421,16.37961,17.09234,20.52198,24.30254,14.41751,15.0562,17.18599,16.74641,15.017,19.43175,20.86425,13.62952,17.79443,28.37058,22.21195,17.28107,21.25235,36.91776,32.75941,47.89562,42.2281,39.55574,53.738,11.60725,23.43178,6.731696,10.39715,27.99767,45.33102,40.83864,47.92717,34.8063,39.83963,32.05035,27.90749,48.53844,45.76511,18.65068,27.41425,11.23311,23.13972,11.38365,0,7.434472,8.650647,9.56304,28.90368,35.62216,30.07142,26.33051,45.76775,55.72891,45.86683,51.65066,53.94737,41.90133,33.7048,34.49657,37.41475
14.48661,12.67727,20.23211,29.58793,21.20392,31.90978,18.71017,39.78324,23.94626,34.3502,35.20987,27.91462,42.74103,21.39977,44.33473,25.15557,24.07275,37.77238,36.51962,26.5416,44.85772,32.77244,45.99073,33.18893,12.0259,7.414553,7.487727,7.69264,13.48347,13.04281,10.89235,14.26993,13.69561,13.93109,11.18004,14.8561,12.72941,13.59999,16.66432,19.48789,21.54358,21.82482,16.64374,14.93383,18.96184,17.46782,15.86442,14.63916,16.10593,6.841475,12.31769,24.01183,17.40487,14.00005,19.21665,30.86919,27.26538,42.42984,37.28559,33.06624,48.72931,10.32703,17.18741,10.35266,14.28668,23.15185,41.22629,37.78331,43.87035,32.26784,36.68798,29.51901,25.31589,44.36818,40.06797,19.44455,27.71066,11.83636,20.10666,9.522243,7.434472,0,12.61649,8.279567,24.42551,31.64884,27.26711,24.1594,39.85981,50.787,40.10141,46.31945,49.45352,35.67141,29.31848,29.15644,32.60195
19.47104,19.81981,19.20017,24.87614,21.77589,29.20824,24.61612,36.15491,16.69759,27.69772,34.29313,28.81315,37.53301,24.36797,41.23014,16.99347,26.38604,31.07059,34.92357,25.17052,39.0398,24.8359,41.50786,31.11461,22.18727,10.05545,13.96813,16.16881,21.74419,18.59535,9.198043,5.365603,19.55802,15.19474,17.60547,20.99934,14.67924,15.71447,13.16623,9.410339,12.39649,28.30959,6.063789,8.940929,10.85353,12.86606,13.90536,26.88202,27.61222,18.90821,22.77559,34.83593,27.39855,23.69164,27.22954,43.46376,39.81532,54.94205,49.55857,45.54983,60.88712,15.6276,27.42514,10.99235,5.996868,35.07272,52.92372,48.49285,54.93677,41.93666,46.3616,38.02351,32.78166,54.34111,50.3624,11.53074,19.43969,19.66467,31.36761,19.69158,8.650647,12.61649,0,7.254868,36.52649,43.30993,37.84016,33.19456,52.17907,62.45116,51.81204,57.57843,60.23941,46.26908,29.54676,31.65923,33.64502
15.14345,14.25561,16.49411,24.13141,17.2874,26.71743,18.41264,34.33932,17.65279,28.15344,30.48775,23.90972,36.67763,18.44171,38.66113,17.50136,20.47146,30.74921,31.02688,20.92357,37.96224,25.03781,39.24348,27.10553,19.28142,9.719395,10.59089,9.708129,16.10091,12.02752,8.510713,8.617408,14.23049,9.706651,13.5533,19.00789,10.59347,14.56311,13.05864,12.58679,13.30276,24.94654,8.913151,6.917656,12.07936,12.18656,13.08978,22.66396,23.11071,13.40443,17.51013,30.37651,22.49274,20.08513,24.38452,37.87033,34.74165,49.67681,44.73678,39.54036,55.88129,13.85863,21.9018,12.33621,10.34815,30.43236,48.69833,45.06886,50.62749,38.84793,42.71999,34.82243,29.42829,49.80085,44.52323,11.57727,19.48055,18.91402,28.25633,17.40848,9.56304,8.279567,7.254868,0,32.2584,39.27574,34.67144,30.35943,46.48127,57.39936,46.10825,52.14619,55.47799,40.02893,24.35317,25.52539,28.1078
31.79891,28.77852,40.91243,51.31354,40.45458,51.92963,32.84744,59.77796,47.46522,56.94243,53.02262,45.03685,63.87723,38.01343,63.41184,48.97478,40.33827,60.27272,54.65042,46.00401,66.30759,56.09802,65.99933,51.85615,15.54231,27.54865,24.66661,24.76076,22.68095,28.4908,31.50798,37.01981,26.46723,32.86719,24.25585,22.27962,30.39999,28.23147,39.18725,43.86012,45.43299,23.66723,40.81773,38.08497,41.04646,37.52971,33.77811,9.935143,10.688,19.15479,17.72646,11.0059,16.32733,16.12027,18.37451,11.9394,6.583675,19.58732,13.46177,16.40048,25.19625,28.47653,23.33648,30.89328,37.93728,4.947451,17.35466,16.32063,22.19486,16.08313,20.21596,19.606,21.83627,27.34957,26.70803,42.24258,50.83883,21.34083,7.604431,17.84675,28.90368,24.42551,36.52649,32.2584,0,8.078962,9.429335,15.12212,18.95361,28.56662,20.9807,26.94607,29.44585,23.99208,46.26013,42.8722,47.55193
39.82001,36.69475,48.82496,59.19228,48.13648,59.67899,40.41754,67.5516,55.12754,64.76009,60.47156,52.39744,71.66128,45.34272,70.89658,56.30544,47.37671,67.8408,61.76946,53.24156,73.76965,63.38675,73.08753,58.64684,21.38445,33.8206,30.67764,31.40187,28.00952,34.58171,37.4268,43.24862,31.76952,38.96168,29.60556,26.46916,36.01323,33.08801,46.98702,51.1213,52.30585,25.95206,47.63185,44.71885,47.00457,43.05984,38.89841,17.61194,16.45384,26.2599,23.46221,12.33693,20.49027,21.02178,21.13657,14.37364,10.80117,16.14578,8.861243,18.71321,19.08133,36.29467,31.17742,38.16259,45.16921,9.425667,9.745693,8.784719,14.75527,11.94272,15.04135,17.99944,22.5881,21.81699,24.55406,48.58181,57.55642,28.07376,13.63935,24.60864,35.62216,31.64884,43.30993,39.27574,8.078962,0,8.076584,15.66752,16.2359,21.98635,17.54867,21.83784,22.85563,23.70517,52.95479,48.94591,53.74751
37.75794,34.82381,46.17521,56.26681,45.98634,57.50966,39.38202,65.49181,51.19155,61.42725,59.05572,50.96663,69.13696,43.76511,69.17111,52.11461,45.82333,64.56396,60.06267,50.89676,70.99238,59.45283,70.7184,56.36625,15.6977,27.93726,25.19303,27.58109,24.14568,31.0813,31.55304,37.40175,27.43978,34.69817,24.31108,19.73143,30.92551,26.63227,43.28359,46.30693,47.50885,20.37519,42.43675,39.88387,41.33393,37.37139,32.8285,15.04603,12.76887,22.72729,19.59796,9.604537,16.66319,15.38098,14.49688,20.04367,15.30699,24.14245,16.86782,24.43517,26.52814,32.88605,31.10198,33.3972,40.16164,9.245008,16.47746,10.78422,19.07602,7.721737,13.73613,12.90549,17.18574,23.55448,27.18697,43.43747,53.02462,23.25215,10.31502,19.6125,30.07142,27.26711,37.84016,34.67144,9.429335,8.076584,0,8.526776,23.33213,28.1425,23.08062,26.83392,26.83507,26.39206,51.11035,47.59564,52.27313
36.70999,33.66124,43.96404,53.51802,43.54183,54.90097,38.05771,62.89616,47.7103,58.22243,56.57555,48.51048,66.13668,41.33323,66.2833,47.7187,42.9728,60.7,56.81884,47.4311,67.16085,54.87888,66.69001,52.30836,12.73251,23.29206,19.98828,23.48761,19.07799,26.32689,25.7119,31.74211,21.68323,29.22798,18.34738,12.94751,24.79225,19.86166,40.73802,42.0654,42.33206,12.54524,37.38971,34.60004,35.02903,30.71336,25.9185,16.15186,11.25502,20.09124,15.59243,8.493795,12.09158,10.46915,6.899935,25.20774,20.74057,30.81293,23.75187,29.06024,32.76783,31.82539,32.12027,31.07415,36.56589,12.42738,23.36278,16.77417,23.3779,8.858458,13.83364,7.25583,9.515877,23.93186,26.88634,37.56916,47.53285,22.56975,14.0687,18.05737,26.33051,24.1594,33.19456,30.35943,15.12212,15.66752,8.526776,0,28.38441,32.78904,26.29777,29.56039,29.43143,26.22399,47.46331,43.98136,48.50721
44.31857,40.67421,53.02951,63.16276,50.65777,61.67052,41.65625,69.06295,61.03018,69.14458,60.41254,52.66622,73.87576,46.36192,70.93262,61.74565,47.66729,71.11968,61.46454,54.77626,75.52898,67.71506,73.39823,59.04187,32.69765,43.95351,39.61547,37.36851,33.59323,38.86427,46.38581,52.06303,37.52033,44.19261,37.65535,37.37897,42.93257,42.94116,53.6419,58.5504,58.60054,34.15724,55.26062,51.28395,54.62595,50.59389,47.39946,26.96235,25.61527,33.32308,30.40008,21.12716,27.45868,31.19397,32.13808,11.17796,14.50676,7.16637,8.937373,11.24971,11.89054,44.31274,33.78505,47.90516,53.96409,18.66528,14.27435,20.64165,16.84087,24.67416,23.23527,28.03322,31.24159,21.78474,18.0889,55.20033,62.61603,39.68319,26.55738,35.70422,45.76775,39.85981,52.17907,46.48127,18.95361,16.2359,23.33213,28.38441,0,15.04682,7.459086,13.66285,19.57888,16.75249,52.81139,47.56288,52.32596
57.67878,53.96771,66.27169,76.42667,63.98842,75.25804,55.41058,82.83173,73.36965,82.17952,74.1091,66.17954,87.41852,59.64708,84.53806,73.57329,60.67491,83.90292,74.55113,67.56554,88.4924,79.7118,86.05296,71.31715,41.43651,53.30834,48.88889,48.16505,43.05201,49.39573,55.45372,61.53291,46.70782,54.32406,46.38527,44.36846,52.05948,50.60186,66.04225,69.85439,69.47843,39.53985,65.79273,61.76988,63.87918,59.3111,55.46784,37.7089,34.95395,44.37634,40.10887,27.94094,35.82746,39.32248,38.0549,25.27421,26.77045,16.05664,16.74391,26.2394,7.94815,56.37956,47.78569,58.81669,64.97868,27.94705,13.92557,19.85036,10.551,25.6748,21.59746,29.96546,35.18549,15.96304,20.69806,65.20117,73.47957,49.55735,35.37612,45.45434,55.72891,50.787,62.45116,57.39936,28.56662,21.98635,28.1425,32.78904,15.04682,0,13.2017,8.898797,8.786829,23.92868,65.22961,59.49502,64.30668
46.16075,42.22809,54.28494,64.21431,51.49661,62.61573,42.95565,70.11059,61.57754,69.95391,61.16366,53.26492,74.72018,46.84909,71.5257,61.50432,47.68326,71.26188,61.43468,54.67413,75.55261,67.28122,72.92604,58.23512,32.50374,43.44104,38.53745,36.58827,31.6303,37.3205,45.04425,50.931,35.32422,42.49032,35.84343,35.51902,40.95525,40.98025,54.76653,58.53841,57.71812,30.52751,54.56597,50.19944,52.8553,48.43806,45.1516,28.32768,25.20397,33.36596,29.17035,19.09214,25.31917,29.94562,29.8288,16.05074,18.14185,13.85532,13.08117,16.39085,14.28594,46.09898,36.59543,48.96278,54.37901,19.02542,15.60601,19.92859,14.13591,22.30472,19.10344,24.17377,27.26727,15.42145,11.10124,53.68729,61.33631,41.08849,28.21575,36.45356,45.86683,40.10141,51.81204,46.10825,20.9807,17.54867,23.08062,26.29777,7.459086,13.2017,0,7.744157,14.53162,11.6251,52.11645,46.33893,51.14227
53.38321,49.40936,61.32656,71.16536,58.46163,69.58679,50.17002,77.09844,68.17745,76.76517,68.03333,60.12649,81.60191,53.71596,78.26811,67.74283,54.31417,77.79134,67.90502,61.19026,82.01959,73.46155,79.09006,64.30357,37.87878,48.89931,43.90418,42.60433,36.97605,43.02887,50.19629,56.23021,40.42657,47.94336,40.87223,39.83095,46.00733,45.47426,61.54247,64.69977,63.51025,33.77209,60.32423,55.86987,57.87931,53.19447,49.6772,34.70693,30.92246,39.67653,34.83446,23.68442,30.36775,34.94825,33.67077,23.43707,25.07599,18.34069,17.88064,23.9236,14.23922,52.90022,44.13824,55.23798,60.55712,24.89897,17.18674,21.07612,12.20337,23.95709,18.96551,25.8697,29.82755,11.30407,11.92367,59.03643,66.95912,47.03825,33.80607,42.31496,51.65066,46.31945,57.57843,52.14619,26.94607,21.83784,26.83392,29.56039,13.66285,8.898797,7.744157,0,8.033893,15.86997,58.29879,52.21575,56.97125
58.02962,54.16759,66.05573,75.97511,63.64213,74.99234,55.70912,82.68846,72.22656,81.40796,73.98391,65.92436,86.96004,59.2485,84.20136,71.75724,59.96951,82.65581,73.769,66.49609,87.33681,77.81028,84.68998,69.75976,39.70452,51.0091,46.32181,46.25267,40.31262,46.99561,52.45165,58.61678,43.59309,51.51648,43.32254,40.94592,48.81573,47.00666,65.41891,68.03839,66.99973,34.8593,63.36894,59.19032,60.4635,55.62589,51.64229,37.65204,33.54747,43.16614,37.97297,25.60755,33.08621,36.82122,34.43223,28.61894,29.09236,22.45627,20.69061,30.05287,15.85152,56.34487,49.23963,57.91225,63.47061,27.62995,16.7966,18.89141,9.037941,22.24316,16.47967,24.97298,30.19393,8.151277,17.32191,62.14992,70.74931,49.01583,35.49173,44.4592,53.94737,49.45352,60.23941,55.47799,29.44585,22.85563,26.83507,29.43143,19.57888,8.786829,14.53162,8.033893,0,22.21486,63.92496,58.0129,62.79848
41.56049,37.33706,48.32825,57.55279,44.605,55.30188,36.78581,62.61962,55.11663,62.98365,53.2187,45.44338,67.06028,39.3449,63.19476,54.03328,39.41359,63.18436,52.56942,46.30394,66.88208,59.05546,63.52485,48.80259,30.49364,39.10036,33.46937,30.34278,24.84814,29.50438,39.21331,44.77852,27.98717,34.57072,30.0464,31.77267,33.84771,35.75126,49.58779,52.27064,50.15351,25.33313,47.93029,42.92584,45.50373,41.05638,38.52876,27.58551,23.22935,28.9432,24.18214,18.46264,20.65505,26.86167,27.09513,20.01395,21.67915,23.81215,22.16195,19.46706,25.9046,42.9545,33.64878,45.5993,49.43866,20.22414,25.49729,27.08058,23.11348,25.58126,22.461,23.57803,23.56742,19.15451,6.416455,45.94834,52.81175,39.9386,29.96044,34.67222,41.90133,35.67141,46.26908,40.02893,23.99208,23.70517,26.39206,26.22399,16.75249,23.92868,11.6251,15.86997,22.21486,0,42.84319,36.51949,41.22177
24.25968,23.05392,20.26472,22.32147,14.15166,17.24698,17.45456,22.68782,24.03658,25.88339,13.76913,9.312437,26.29802,10.94254,21.59997,20.87053,7.156884,22.65767,10.46211,7.242414,24.35655,20.99954,20.83651,6.315654,38.89209,33.47297,31.29531,25.00822,28.57462,21.4976,30.34754,29.61945,26.9368,20.97057,31.05969,38.75731,26.58299,34.89102,26.2106,26.4742,22.06819,39.40875,25.7316,22.06805,27.11956,27.70678,31.15184,38.71553,38.40009,29.73908,32.03319,43.68405,35.82882,37.81422,41.91553,45.7408,45.45424,57.55088,55.08728,44.84306,64.33376,32.07239,29.45683,34.47291,30.67412,43.67911,60.69578,59.63821,61.73579,54.45148,55.9616,49.60756,43.71903,58.87652,48.36277,23.232,20.09178,40.63868,45.7336,38.2158,33.7048,29.31848,29.54676,24.35317,46.26013,52.95479,51.11035,47.46331,52.81139,65.22961,52.11645,58.29879,63.92496,42.84319,0,7.287618,5.511326
26.20836,23.87135,24.74029,28.76303,18.418,23.96659,18.11715,29.67552,29.52697,32.76237,20.05009,14.4173,33.51661,13.14275,28.22604,26.38154,9.476173,29.85188,17.00673,13.72126,31.42807,27.48159,27.08555,12.80143,36.94178,33.51968,30.1427,23.40193,25.30638,19.11445,30.3618,31.02814,24.14152,19.99326,28.94189,36.63786,25.24014,33.63062,30.06038,30.62575,25.95111,35.68892,28.60942,23.88378,28.55069,27.80904,30.47233,36.40683,35.21546,27.95389,28.9732,39.44524,31.98397,35.10698,38.80837,41.56538,41.69776,52.80861,50.57117,40.42238,59.10214,33.56043,28.72113,36.18417,33.63323,39.85328,56.06473,55.33752,56.50832,50.32593,51.11481,45.32404,39.61023,53.04679,41.93397,25.38487,24.61199,40.51051,43.3459,37.22452,34.49657,29.15644,31.65923,25.52539,42.8722,48.94591,47.59564,43.98136,47.56288,59.49502,46.33893,52.21575,58.0129,36.51949,7.287618,0,4.883233
28.60997,26.85095,25.54666,27.75538,19.26229,22.31635,20.86838,27.02959,29.40231,31.09474,17.65763,13.91188,30.57808,15.01461,24.58328,25.82576,11.00126,27.14919,13.42757,12.74586,27.68582,25.48917,22.64995,9.225336,41.11043,36.68875,33.77711,27.305,29.63912,23.06495,33.23899,33.10577,28.13276,23.08754,32.82845,40.57714,28.5424,37.0369,31.34843,31.33532,26.29218,39.89876,29.90007,25.66137,30.1157,30.05557,33.29792,40.78989,39.7942,32.08003,33.41714,44.21064,36.58565,39.43407,43.1275,46.23824,46.39378,57.5327,55.38728,45.00423,63.91189,36.32819,32.29007,38.77184,35.33702,44.61298,60.9308,60.16139,61.3815,55.03673,55.87082,49.89512,44.00408,57.77713,46.57326,26.5422,23.77422,44.06131,47.77013,41.09905,37.41475,32.60195,33.64502,28.1078,47.55193,53.74751,52.27313,48.50721,52.32596,64.30668,51.14227,56.97125,62.79848,41.22177,5.511326,4.883233,0
