0,5.180305,11.25889,10.0971,17.98522,21.41788,8.720005,17.83308,25.36869,17.04746,24.10334,12.63805,25.91451,33.21767,16.9271,22.68039,31.22382,32.13583,16.3075,26.59508,19.80395,28.68767,27.99955,22.1831,21.91189,18.1817,24.19884,21.50502,23.04923,18.557,24.74243,30.05079,23.08864,28.46059,33.81475,6.742632,11.79942,19.04804,23.53438,35.79374,25.14748,21.22557,25.90867,24.94798,36.46073,17.87321,35.32724,29.21053,31.45802,27.92305,33.29827,37.01406,34.51303,48.79231,37.95948,11.67892,12.75892,16.45593,48.58314,49.07111,44.55116,51.04647,55.20077,47.60787,31.53213,20.16082,15.12118,22.08693,28.13417,17.98696,16.80478,23.37727,20.94091,16.71499,23.49193,23.88805,34.22112,42.10429,53.9873,43.71124,39.98845,54.27208,39.50369,57.38695,50.03177,37.83538,60.29335,47.45505,20.50592,24.37157,26.14675,26.40025
5.180305,0,16.10963,12.98835,22.06202,26.29009,7.427931,22.24298,29.58025,19.35484,27.08769,12.35686,30.36346,37.02126,18.48004,26.2648,34.36546,36.03619,16.60392,28.82731,22.02773,32.17473,29.76117,18.6997,19.93066,15.27784,20.27612,19.10839,22.88903,17.4443,21.65132,26.8585,21.02245,26.407,30.77057,9.620936,15.95049,22.33217,26.1124,32.02569,24.18977,23.13726,21.5359,20.26926,31.47461,13.80689,30.43216,24.6566,26.88266,23.96686,29.31431,32.00409,29.51969,43.78396,32.99418,8.855324,8.573052,18.92839,43.58475,44.25684,39.93686,46.14174,50.14068,42.90748,26.57142,18.6077,16.13728,19.20189,24.18349,18.14596,14.71321,20.91131,20.55275,17.56018,24.61135,25.56724,29.38589,37.23008,48.86478,38.58127,35.36626,49.21657,34.90552,52.20675,44.86013,33.61521,55.14005,42.42603,20.859,25.41046,26.17689,25.05485
11.25889,16.10963,0,8.390316,9.157593,10.2389,15.84702,7.934074,16.29198,13.74108,17.9714,16.32863,14.93302,24.45019,14.91726,13.95492,23.64496,22.05342,17.1004,21.03051,14.88712,19.34884,22.85636,30.26727,27.25278,24.3254,31.78815,26.10721,24.28574,21.51033,31.17872,37.07458,27.49707,32.99822,39.83213,12.00007,7.808117,13.18025,17.30471,42.85187,27.29303,18.07091,36.25704,34.82091,46.70144,26.69975,44.93862,38.01009,40.94619,36.42329,41.40937,48.0408,45.60031,59.87319,48.75198,22.14615,23.68424,15.48827,59.50065,59.52747,53.9774,60.95224,65.28153,56.67615,42.0504,27.56941,19.03784,30.59172,37.68503,21.1029,23.77098,30.39281,23.89586,17.31374,21.69572,19.66331,45.00899,52.85208,64.8025,54.37208,50.31306,64.84056,49.29122,67.75716,60.27074,46.50516,70.68854,56.77785,20.11272,21.32589,25.28067,28.20478
10.0971,12.98835,8.390316,0,9.860172,16.21501,9.318792,13.96823,17.84279,7.704938,15.02787,8.22073,19.56481,24.6803,7.558397,16.90049,21.75551,23.31078,8.849424,16.58271,9.84209,20.90741,18.10807,27.74928,25.62254,19.60249,27.18342,21.06886,23.6104,17.79931,27.86276,34.78234,24.28498,31.08771,36.98933,14.28303,13.43362,17.25384,18.1926,38.88897,25.27956,19.53276,33.6799,31.07542,42.22156,23.10894,40.11033,33.31565,37.18511,33.40321,38.04359,43.08963,41.31204,54.99959,43.26143,21.25171,19.83643,19.45247,55.18879,55.78529,50.12421,56.45226,60.1967,52.07087,37.93415,28.46912,21.83766,29.84562,35.64398,22.25241,22.71755,29.51658,24.10195,17.28533,22.13878,18.71579,41.39659,49.04809,59.31962,48.67129,47.1224,60.1727,45.80674,61.89539,54.2339,43.13574,65.26983,50.16445,12.27851,15.09509,17.84509,20.25681
17.98522,22.06202,9.157593,9.860172,0,8.825386,18.61536,11.82302,8.358177,8.781588,9.37835,16.53296,12.62898,15.71548,11.37171,14.65773,14.50623,14.8386,15.37035,13.21784,10.02703,16.08703,16.49244,36.84959,33.6764,28.68299,36.54405,29.46476,29.66995,25.50798,36.63729,43.49299,32.29498,38.77069,45.39661,20.66759,16.44578,18.58475,18.66609,47.85091,31.94708,22.8367,43.10515,40.79004,52.07108,32.63822,49.91406,42.96795,46.86059,42.72161,47.30918,52.53444,50.92612,64.49698,52.51627,29.6275,28.61218,23.54152,64.94917,65.56856,59.79786,66.26999,70.02806,61.71341,47.73671,36.08327,27.84581,38.4152,44.87795,28.75561,31.0999,37.84025,30.77922,23.30876,26.26321,21.03651,51.08666,58.79971,68.88078,58.1969,56.78242,70.02359,55.48689,71.55046,63.84574,52.55311,75.05681,59.58151,16.55263,16.67926,20.93618,25.92361
21.41788,26.29009,10.2389,16.21501,8.825386,0,25.00139,8.460946,10.77211,17.51709,16.93785,24.08812,7.30617,18.14375,19.6547,12.82338,19.5883,14.77905,23.30428,20.53739,17.31003,15.07713,22.93814,39.71152,35.6419,33.13733,40.93488,34.06578,30.67622,29.11331,39.88686,45.89227,35.38324,40.67436,48.0619,21.53397,15.11194,16.32665,18.57966,51.536,33.93576,22.30322,46.36344,44.81834,56.7402,36.46942,54.73514,47.54753,50.77124,45.91466,50.65436,58.08767,55.80257,69.97375,58.59367,32.1814,33.55735,21.76956,69.71328,69.63974,63.70015,70.83401,75.18154,66.19119,52.19535,36.59131,27.16272,40.08976,47.52298,28.83902,32.99841,39.3545,31.30615,24.34786,26.31329,22.45005,55.22164,63.05096,74.80201,64.28222,60.39161,74.94957,59.1879,77.62061,70.05596,55.94614,80.65271,66.11887,24.83874,23.90006,28.91177,33.65876
8.720005,7.427931,15.84702,9.318792,18.61536,25.00139,0,22.25366,25.79944,13.46135,21.47249,5.152114,28.80411,32.27474,12.34427,25.295,28.81721,32.23527,10.05836,22.76199,16.89814,29.70803,24.03919,23.27874,23.82049,16.19472,22.16101,18.84459,25.20047,17.80189,24.45673,31.01017,22.78637,29.57114,33.81674,14.9136,18.59717,23.74018,25.25442,34.39533,25.85252,24.49197,26.84732,24.22132,34.44805,17.67512,32.82595,26.96707,30.57808,28.12901,32.86347,33.97096,32.60585,45.91611,33.99845,16.09363,11.52414,22.96928,46.67049,48.02119,43.3873,48.95934,52.27094,45.36766,30.07747,25.61391,22.22901,25.5819,29.73411,22.91043,20.09325,26.42415,24.58737,19.85972,26.04906,24.46051,33.44173,40.98221,50.29091,39.63288,39.77648,51.90346,38.90475,53.25019,45.59441,37.36316,56.85052,42.17787,14.09395,19.55551,19.57056,19.09801
17.83308,22.24298,7.934074,13.96823,11.82302,8.460946,22.25366,0,17.71162,18.19396,20.8669,22.04413,9.293253,24.80213,18.74235,7.309426,24.38665,19.01114,21.25702,22.31213,16.31523,13.67432,22.78614,32.63715,27.83793,26.64063,34.26709,27.49326,22.43689,22.061,32.49265,38.21384,27.85295,32.60435,40.2205,16.29817,8.695045,7.926534,11.97813,44.14739,25.96839,14.01553,40.42839,38.66809,50.81512,30.10173,48.55847,41.08679,44.20561,38.84821,43.38106,53.9476,51.04014,65.59504,54.8986,27.43409,30.47282,13.9975,64.36284,63.49816,56.87425,64.43,69.16082,59.41537,46.49278,29.97335,20.33579,33.30806,40.94572,20.89814,25.8099,31.85946,23.11335,16.2853,18.09485,15.75248,49.6548,57.34989,70.27257,59.9321,54.16807,69.18959,52.57578,72.59344,65.1862,48.77188,75.1398,61.09337,23.54095,22.39165,27.55002,30.84328
25.36869,29.58025,16.29198,17.84279,8.358177,10.77211,25.79944,17.71162,0,14.3732,9.043014,23.36717,14.26189,8.617045,17.69855,20.03381,10.74956,12.23798,22.03088,14.85198,16.04119,18.87391,19.55283,45.15008,41.98391,36.92345,44.76345,37.54397,37.59596,33.69655,44.9762,51.84561,40.54072,47.00229,53.70387,28.065,23.50428,25.27241,24.90162,56.11924,39.94793,30.07827,50.95438,48.83431,59.91968,40.84739,57.87857,51.09241,55.0063,51.01752,55.63278,59.3654,58.16267,71.34167,59.0365,36.96488,35.32014,30.76335,72.39147,73.41793,67.96235,74.23106,77.76713,69.81573,55.51908,43.7739,35.28445,46.42425,52.92974,36.68865,39.31611,46.05326,38.82545,31.34074,33.65111,27.78397,58.74643,66.47068,75.76335,65.06577,64.69864,77.6547,63.59031,78.68752,70.9414,60.84366,82.48419,66.7106,22.10578,21.62557,25.57797,31.68273
17.04746,19.35484,13.74108,7.704938,8.781588,17.51709,13.46135,18.19396,14.3732,0,8.31944,9.622641,20.38083,19.32959,3.955656,19.71655,15.36868,20.12074,7.873227,10.08599,6.910968,20.87226,13.40928,34.21551,32.20021,24.79839,32.2409,25.40994,29.59229,23.00209,33.60676,41.04862,29.75346,37.1026,42.63518,21.85538,20.31185,22.8369,21.46681,43.92458,30.692,25.06565,39.85137,36.73575,47.01448,29.18879,44.71505,38.2028,42.71031,39.4649,43.73349,46.70926,45.8013,58.57613,46.16462,28.03658,24.50014,26.62206,59.66001,60.92069,55.36111,61.07251,64.20412,56.6517,43.03103,36.01026,29.5265,36.99617,42.16707,29.57956,29.8775,36.57843,31.00876,23.83908,27.55691,21.9688,46.67978,54.10502,62.41943,51.67104,52.7578,64.46125,51.35501,64.84999,57.06768,48.78544,68.77744,52.47802,8.616919,11.49153,13.74235,18.39832
24.10334,27.08769,17.9714,15.02787,9.37835,16.93785,21.47249,20.8669,9.043014,8.31944,0,17.71478,19.36467,11.43651,11.40742,21.88365,7.755781,15.35481,15.54731,7.65461,10.96055,20.49298,13.48346,42.33283,39.82321,32.82876,40.39212,33.06057,36.15919,30.36297,41.54218,49.0221,37.28012,44.5259,50.39933,28.36724,25.36188,27.05751,24.95781,51.88202,37.52246,30.21205,48.01556,45.0442,55.2607,37.43801,52.95467,46.45098,51.02698,47.68741,51.91773,54.34147,53.73477,66.18197,53.52779,35.51592,31.95966,32.21955,67.69074,69.16912,63.65523,69.29043,72.26782,64.8227,51.27171,43.37101,36.04533,44.85378,50.33494,36.41692,37.62056,44.36659,37.94738,30.39728,33.08012,26.38046,54.85162,62.28156,69.97515,59.24302,61.0296,72.55014,59.674,72.48699,64.68943,57.03693,76.6396,59.96144,14.50436,14.8627,17.53715,23.91703
12.63805,12.35686,16.32863,8.22073,16.53296,24.08812,5.152114,22.04413,23.36717,9.622641,17.71478,0,27.23733,28.90753,7.911168,24.02681,24.76464,29.04227,5.27265,18.1432,12.97792,27.22197,19.41812,26.57621,26.25099,17.64327,24.16403,19.16549,26.25622,18.24162,26.53835,33.78122,23.99667,31.39284,35.77885,18.51062,20.37559,24.16943,23.96761,36.23059,26.5933,24.78369,31.14007,27.78916,37.58467,21.00929,35.47479,29.4035,33.79832,31.28917,35.57393,37.2339,36.30362,49.07051,36.81408,21.11764,16.27799,25.16565,50.06738,51.49825,46.34606,51.73484,54.76203,47.7013,33.63732,29.96223,25.79379,29.79321,33.84095,25.59643,23.54706,29.90853,26.8011,21.11575,26.35266,23.04062,37.33315,44.64231,52.91076,42.16826,43.56918,54.87999,42.29206,55.3995,47.63902,40.28337,59.25899,43.41909,9.041878,14.92082,14.65098,15.16245
25.91451,30.36346,14.93302,19.56481,12.62898,7.30617,28.80411,9.293253,14.26189,20.38083,19.36467,27.23733,0,19.03533,21.5909,8.901832,19.85523,11.2777,25.19514,20.50255,17.58966,8.86951,21.2867,41.25274,36.0415,34.03571,41.93407,34.08241,29.45574,28.91784,40.31203,46.47558,35.07672,40.10553,47.78421,25.37105,17.93027,15.20807,14.84515,51.64894,32.59871,20.33578,49.38167,47.20426,59.14753,38.51771,56.59863,48.99698,52.66719,47.34273,51.57331,61.93079,59.42729,73.71303,62.48985,36.34692,38.22687,22.7584,72.86382,72.18747,65.24582,72.67114,77.17498,67.32614,54.99336,39.23787,29.53475,42.46474,49.96616,29.60029,34.70799,40.69477,31.27812,24.18264,24.09286,19.19225,58.36633,66.03191,78.11344,67.59181,63.00781,77.51952,61.20308,80.21854,72.66965,57.11001,83.05137,67.9947,26.06643,23.18931,28.93229,33.84898
33.21767,37.02126,24.45019,24.6803,15.71548,18.14375,32.27474,24.80213,8.617045,19.32959,11.43651,28.90753,19.03533,0,22.2239,25.19137,6.749085,11.16589,26.55721,15.07861,19.90329,21.35329,19.81092,52.07325,48.65225,42.85968,50.70914,42.81793,43.61938,39.39204,51.15346,58.45264,46.35609,53.1246,59.68169,36.24262,31.47072,31.88802,29.59438,61.83124,45.53724,36.0442,58.27714,55.60675,66.26826,47.62858,63.91307,57.12284,61.58975,57.73561,62.00351,65.52647,64.76651,77.41536,64.77999,44.88063,42.38567,38.31969,78.839,80.08765,74.32402,80.31083,83.49661,75.61234,62.16792,51.78165,43.31095,54.07614,60.29114,43.99136,46.63077,53.33157,45.66797,37.94103,39.31507,32.19509,65.65285,73.21669,81.35599,70.62706,71.67188,83.78059,70.29048,83.9156,76.11812,67.30351,88.016,71.29063,25.26258,23.55306,27.06788,34.045
16.9271,18.48004,14.91726,7.558397,11.37171,19.6547,12.34427,18.74235,17.69855,3.955656,11.40742,7.911168,21.5909,22.2239,0,19.30523,17.5739,21.61323,4.430336,10.54022,5.485454,20.70064,12.04687,31.69252,29.55368,21.65186,29.08572,21.89251,26.96366,19.83699,30.52861,38.19951,26.55566,34.09592,39.41807,21.58234,20.36261,22.09188,19.91551,40.56572,27.62755,23.26442,37.92911,34.3105,44.44737,26.70822,41.8487,35.18664,40.02479,36.74739,40.74206,44.97236,43.95563,56.7297,44.47479,27.23961,23.82154,25.78477,57.48183,58.49293,52.48663,58.22434,61.36816,53.51039,40.72652,34.70131,28.65524,35.17832,40.05435,27.82683,27.82181,34.34978,28.79294,21.7415,25.29026,19.62883,44.61795,51.90241,60.28007,49.5434,50.464,61.93574,48.74208,62.28978,54.51337,45.86333,66.11899,49.53965,5.423223,8.701838,10.81886,14.84857
22.68039,26.2648,13.95492,16.90049,14.65773,12.82338,25.295,7.309426,20.03381,19.71655,21.88365,24.02681,8.901832,25.19137,19.30523,0,23.77368,16.78818,21.71589,20.89722,15.27216,7.837423,19.60582,33.97047,28.106,26.70307,34.40079,26.34093,20.86824,20.96825,32.30098,38.48044,26.77792,31.60996,39.32296,21.43094,14.25043,8.426267,6.098171,43.37998,23.8782,11.84951,43.23902,40.53681,52.38796,31.76208,49.47856,41.6523,45.49004,39.86456,43.70458,56.77685,53.87907,68.26252,57.60741,31.93009,34.6352,16.94917,66.63809,65.34267,57.68202,65.32406,70.02438,59.55741,48.60629,33.44001,24.1991,36.01779,43.30468,22.48094,27.80576,33.42377,23.41418,16.28669,15.36255,10.60328,52.22516,59.64619,72.32277,61.98323,56.29039,70.76068,54.00568,73.81846,66.41485,49.34211,76.28898,61.41913,23.07654,19.9171,25.6606,29.08342
31.22382,34.36546,23.64496,21.75551,14.50623,19.5883,28.81721,24.38665,10.74956,15.36868,7.755781,24.76464,19.85523,6.749085,17.5739,23.77368,0,11.5232,21.65976,8.822162,15.20446,19.78725,13.71046,48.54276,45.24934,38.55689,46.25162,38.12142,40.38188,35.27646,47.05602,54.69949,42.22779,49.36441,55.49242,34.82119,30.60783,30.59115,27.0394,57.20717,41.70721,33.6695,55.06231,51.78396,61.99792,43.92676,59.35887,52.61682,57.52268,53.89628,57.83236,61.6083,61.02531,73.3714,60.68831,42.74983,39.59234,37.06548,74.77233,76.04046,69.97005,75.70495,78.65968,70.79898,58.22886,49.81587,41.9008,51.40757,57.09163,41.71675,43.74093,50.36852,42.92237,35.14421,36.48206,28.77247,61.99241,69.34693,76.85765,66.13577,67.95078,79.31461,66.27142,78.96195,71.16384,63.12924,83.14185,65.88224,19.65307,17.57532,20.70907,27.8476
32.13583,36.03619,22.05342,23.31078,14.8386,14.77905,32.23527,19.01114,12.23798,20.12074,15.35481,29.04227,11.2777,11.16589,21.61323,16.78818,11.5232,0,25.75859,15.08384,17.09003,11.09502,16.54557,48.02196,43.19426,38.87586,46.88715,38.1825,36.58932,34.05444,46.23534,53.34101,40.73356,46.82611,53.92386,33.5536,27.19754,24.72899,20.97371,56.90952,38.69554,28.31988,56.06525,53.03912,64.25416,44.47543,61.37177,53.92082,58.50199,53.76867,57.64409,66.02062,64.39878,77.86496,65.83237,43.47517,42.99327,32.5575,77.93593,77.98969,70.96503,77.7141,81.51518,72.19239,60.42184,48.04601,38.9352,50.43343,57.16193,38.3282,42.32705,48.58972,39.43961,31.78644,31.41342,24.02398,64.17756,71.69705,81.6399,70.92975,69.31918,82.30704,67.29334,83.42696,75.70279,63.2366,86.89426,70.28732,24.79272,20.76368,26.01285,32.46304
16.3075,16.60392,17.1004,8.849424,15.37035,23.30428,10.05836,21.25702,22.03088,7.873227,15.54731,5.27265,25.19514,26.55721,4.430336,21.71589,21.65976,25.75859,0,14.03357,8.89772,23.77721,14.41365,28.64712,27.14873,18.33554,25.37306,18.62964,25.59402,17.52253,27.35964,35.11791,23.83827,31.55861,36.26223,21.27302,21.40623,23.33806,21.26821,36.91477,25.67647,23.48812,34.67462,30.68587,40.41236,23.44737,37.73116,31.22441,36.25385,33.33404,37.15578,41.12169,40.17571,52.76972,40.59264,25.30334,21.30727,25.96822,53.47333,54.53917,48.53189,54.05834,57.0752,49.37514,36.87964,32.90707,27.96244,32.68417,36.90038,26.6779,25.59944,31.88322,27.32339,20.92348,24.92622,20.08213,40.90735,48.03027,56.12082,45.40279,46.74435,57.75437,44.92813,57.95543,50.18214,42.159,61.7927,45.11686,4.294173,9.673652,9.904617,11.75003
26.59508,28.82731,21.03051,16.58271,13.21784,20.53739,22.76199,22.31213,14.85198,10.08599,7.65461,18.1432,20.50255,15.07861,10.54022,20.89722,8.822162,15.08384,14.03357,0,8.159991,18.19246,6.136158,41.40557,38.28717,30.79419,38.27672,30.007,33.86267,27.78638,39.37181,47.26091,34.60954,42.04422,47.68201,30.54804,27.24914,26.9053,22.42772,49.011,34.52901,28.53145,48.34611,44.45972,54.31044,36.73693,51.37326,44.61279,49.87785,46.40996,50.00413,54.78493,54.12427,66.3944,53.90689,37.50288,34.10044,32.88962,67.42815,68.47889,62.01239,67.64134,70.53837,62.4991,50.88302,44.37338,37.29917,45.15847,50.26352,36.10531,37.35326,43.77685,36.77309,29.18366,30.7193,22.8983,54.92281,62.05389,69.50407,58.81246,60.65416,71.54089,58.63852,71.10861,63.33418,55.28535,75.17316,57.66421,11.43178,8.86031,12.09963,19.16227
19.80395,22.02773,14.88712,9.84209,10.02703,17.31003,16.89814,16.31523,16.04119,6.910968,10.96055,12.97792,17.58966,19.90329,5.485454,15.27216,15.20446,17.09003,8.89772,8.159991,0,15.49323,8.347165,33.70878,30.32282,23.47386,31.27225,23.01385,26.04089,20.127,31.86978,39.57855,27.06907,34.34855,40.30774,23.14846,20.02577,19.75438,16.06867,42.10073,26.98167,21.01236,41.18311,37.44146,47.95679,29.32709,45.03414,37.91655,42.88462,38.96323,42.74779,49.62018,48.25119,61.31464,49.31237,30.41397,28.36669,25.12537,61.52965,61.97373,55.24886,61.41679,64.84155,56.1828,44.37047,36.4602,29.41122,37.31446,42.76144,27.95894,29.34534,35.76719,28.66386,21.0956,23.21547,16.2702,48.37859,55.66154,64.75538,54.06316,53.77643,65.70501,51.70491,66.38223,58.64833,48.13372,69.9742,53.26286,8.586825,6.807232,11.7004,16.76966
28.68767,32.17473,19.34884,20.90741,16.08703,15.07713,29.70803,13.67432,18.87391,20.87226,20.49298,27.22197,8.86951,21.35329,20.70064,7.837423,19.78725,11.09502,23.77721,18.19246,15.49323,0,16.47824,40.46128,34.58245,31.91314,39.69987,30.80218,26.90659,26.1049,38.03645,44.73385,32.16258,37.45032,44.86669,28.54437,21.5987,16.20517,10.70336,48.54434,29.15785,18.48684,49.89043,46.64615,58.09082,37.89037,54.87101,47.03772,51.49948,46.11011,49.59615,62.11536,59.69021,73.66658,62.51296,38.74523,40.14007,24.77503,72.46696,71.44925,63.51149,70.85114,75.19767,64.791,54.5572,41.01427,31.95048,43.22772,50.13792,29.89921,34.8123,40.44365,30.36497,23.13556,21.23167,14.11035,58.43974,65.76311,77.31502,66.83519,62.68418,76.32282,60.16201,78.48849,70.97077,55.30936,81.283,65.33892,23.73761,18.90967,24.94523,29.67318
27.99955,29.76117,22.85636,18.10807,16.49244,22.93814,24.03919,22.78614,19.55283,13.40928,13.48346,19.41812,21.2867,19.81092,12.04687,19.60582,13.71046,16.54557,14.41365,6.136158,8.347165,16.47824,0,39.69375,35.93185,28.63085,35.96226,27.02733,30.81074,25.0023,36.71694,44.71729,31.54277,38.85265,44.40325,31.29245,27.73814,25.75027,19.61928,45.83704,31.00306,26.05455,47.7353,43.29263,52.99074,35.47426,49.5829,42.55411,48.18176,44.4428,47.52742,54.96094,54.00835,66.33096,54.24627,38.21031,35.52741,32.14261,66.69791,67.16766,59.87152,65.68384,68.70913,59.96938,49.97938,43.85929,36.98138,44.22591,49.16454,34.57769,36.06619,42.08099,34.55478,27.16845,27.61912,19.22737,54.30102,61.19765,69.0288,58.45221,59.49302,70.22995,56.95373,69.92643,62.24024,52.93631,73.72136,55.95051,11.54264,5.596583,10.1416,16.67832
22.1831,18.6997,30.26727,27.74928,36.84959,39.71152,23.27874,32.63715,45.15008,34.21551,42.33283,26.57621,41.25274,52.07325,31.69252,33.97047,48.54276,48.02196,28.64712,41.40557,33.70878,40.46128,39.69375,0,7.866655,11.59489,8.635152,14.78032,17.03755,15.76846,7.018964,8.305992,11.69794,11.83142,13.31594,20.68009,25.84213,27.83757,30.70604,15.26062,16.21939,24.33891,11.94778,8.84468,20.13555,5.976873,17.99375,11.45005,12.1996,6.298311,11.56869,29.16452,24.32648,38.4911,31.8207,15.94733,21.06037,22.19268,34.34637,31.69431,24.37448,32.39666,37.91079,27.7424,16.88607,12.88396,17.74991,8.043786,10.46863,14.58658,7.47394,6.06611,13.66456,18.02328,22.79262,28.21765,20.24706,26.80501,42.53714,33.84279,22.64538,38.04991,20.17864,43.77207,37.44176,16.37989,44.7739,34.7041,32.16664,34.77542,35.2313,31.01194
21.91189,19.93066,27.25278,25.62254,33.6764,35.6419,23.82049,27.83793,41.98391,32.20021,39.82321,26.25099,36.0415,48.65225,29.55368,28.106,45.24934,43.19426,27.14873,38.28717,30.32282,34.58245,35.93185,7.866655,0,10.62471,11.61763,12.36623,9.349513,11.13038,6.672178,10.44317,6.799749,6.817363,13.03615,19.26221,22.08169,21.90196,24.27047,17.50181,9.125283,17.43051,19.59389,16.49723,27.44337,10.48354,24.57014,17.16785,19.26908,12.6946,16.22031,36.67789,32.081,46.19096,39.02057,19.15284,24.98411,17.2166,41.94662,38.8027,30.36882,38.75226,44.38103,33.07228,24.60646,14.56503,15.29609,12.58802,17.61124,9.290992,6.741503,7.414983,6.638601,11.89299,15.35711,21.74811,28.0893,34.42924,49.93379,41.08359,29.9741,45.13971,26.96838,50.61938,44.2178,21.67194,51.56319,40.42539,30.43599,31.57015,33.15242,29.80027
18.1817,15.27784,24.3254,19.60249,28.68299,33.13733,16.19472,26.64063,36.92345,24.79839,32.82876,17.64327,34.03571,42.85968,21.65186,26.70307,38.55689,38.87586,18.33554,30.79419,23.47386,31.91314,28.63085,11.59489,10.62471,0,8.047662,4.5124,13.94958,6.644232,9.053833,16.89379,7.38002,14.43664,18.15753,19.0272,22.17189,22.9928,23.11833,19.31395,12.28707,19.25511,20.84935,15.74287,26.33144,8.157537,22.96264,15.17811,20.03952,15.81303,19.28168,32.81887,29.70739,43.37297,34.01013,18.51961,19.71278,20.88757,41.07507,39.85733,32.11675,39.04187,43.40065,33.51475,23.40447,20.62787,19.96921,18.08228,21.28398,15.67396,11.54631,15.63384,14.40494,13.43635,18.02894,19.97085,27.79885,34.50093,46.62906,36.73749,31.69139,44.46055,28.83743,47.41334,40.22289,24.67784,49.66204,35.41346,21.33968,23.53942,23.83706,19.76783
24.19884,20.27612,31.78815,27.18342,36.54405,40.93488,22.16101,34.26709,44.76345,32.2409,40.39212,24.16403,41.93407,50.70914,29.08572,34.40079,46.25162,46.88715,25.37306,38.27672,31.27225,39.69987,35.96226,8.635152,11.61763,8.047662,0,9.653234,18.33953,13.72074,5.897445,11.81277,9.835908,13.22166,13.02884,24.66085,28.98437,30.01485,30.47614,12.24049,15.64985,25.75152,16.61784,10.39186,19.23725,7.710668,15.40396,7.41231,12.79536,9.517641,11.91419,28.20734,24.63522,37.61288,29.88894,20.75726,22.10611,26.56868,34.30414,32.46741,24.20474,31.15278,35.70579,25.4827,17.28732,21.09377,23.94623,16.46539,16.46661,19.66671,13.57694,14.18744,17.79403,19.84305,23.78398,27.05152,21.91501,27.77642,40.41694,31.22274,24.83307,37.03554,21.38191,40.60468,33.80193,17.03943,42.32792,29.23638,28.14067,30.69816,30.08704,24.7212
21.50502,19.10839,26.10721,21.06886,29.46476,34.06578,18.84459,27.49326,37.54397,25.40994,33.06057,19.16549,34.08241,42.81793,21.89251,26.34093,38.12142,38.1825,18.62964,30.007,23.01385,30.80218,27.02733,14.78032,12.36623,4.5124,9.653234,0,13.4928,5.864558,10.13286,18.30362,6.636315,14.29359,17.97579,22.3567,24.25331,23.55991,22.04027,19.11116,10.7361,18.99122,24.65447,19.07837,28.62701,12.32697,24.6648,16.84637,22.41593,18.20292,20.59124,35.81721,32.94371,46.01724,36.7679,22.95816,23.74511,22.79459,43.56686,42.08985,33.56276,40.38297,44.58612,34.18703,26.38429,24.38867,23.10584,21.81476,24.68552,17.84747,15.07324,18.50241,15.75009,14.29309,17.19351,18.23184,30.99862,37.22756,48.67531,38.92501,34.4089,46.2884,31.00453,48.74382,41.61417,26.09953,50.97797,35.92643,20.90528,22.04752,22.33759,17.95449
23.04923,22.88903,24.28574,23.6104,29.66995,30.67622,25.20047,22.43689,37.59596,29.59229,36.15919,26.25622,29.45574,43.61938,26.96366,20.86824,40.38188,36.58932,25.59402,33.86267,26.04089,26.90659,30.81074,17.03755,9.349513,13.94958,18.33953,13.4928,0,9.272085,13.86341,18.66713,8.928409,10.89854,18.90961,20.0352,19.19621,15.5042,16.2302,23.98836,4.699714,9.45357,28.63005,25.29223,36.23788,17.90922,32.88596,25.07115,28.23703,21.7905,24.52473,44.92412,40.76242,54.88735,46.80639,24.60894,29.92291,14.11928,51.00603,47.91301,38.91424,47.23592,52.68508,40.88853,33.51114,20.86208,16.8165,20.93406,26.89253,9.548767,13.36604,15.95935,6.158205,7.048057,6.33065,13.7029,37.22141,43.6259,58.37759,49.15589,39.26275,53.9405,36.01346,58.71645,52.0917,30.12517,59.90334,47.30361,28.27571,27.44275,30.40709,28.54253
18.557,17.4443,21.51033,17.79931,25.50798,29.11331,17.80189,22.061,33.69655,23.00209,30.36297,18.24162,28.91784,39.39204,19.83699,20.96825,35.27646,34.05444,17.52253,27.78638,20.127,26.1049,25.0023,15.76846,11.13038,6.644232,13.72074,5.864558,9.272085,0,12.27978,19.89565,6.977729,14.36427,20.29878,18.39322,19.03578,17.71602,16.79944,23.00207,8.388845,13.25732,26.30351,21.77399,32.6145,13.62774,29.08672,21.1211,25.76443,20.59184,23.75373,39.39221,36.18522,49.99393,40.55071,21.61498,23.87796,17.4284,47.47501,45.79262,37.45489,44.80464,49.39083,38.76751,29.73489,22.44008,19.02493,21.346,26.10658,13.61833,13.22038,17.83316,11.94416,8.646957,11.94043,13.46044,33.98775,40.70292,53.23243,43.36419,37.45471,50.685,34.39745,53.79361,46.65475,29.43684,55.90076,41.43096,20.20147,20.58587,22.402,19.81362
24.74243,21.65132,31.17872,27.86276,36.63729,39.88686,24.45673,32.49265,44.9762,33.60676,41.54218,26.53835,40.31203,51.15346,30.52861,32.30098,47.05602,46.23534,27.35964,39.37181,31.86978,38.03645,36.71694,7.018964,6.672178,9.053833,5.897445,10.13286,13.86341,12.27978,0,8.179788,6.270807,7.427329,9.379212,23.6621,27.15295,27.14748,28.04912,11.80154,11.31622,22.3161,18.13106,13.21346,22.70501,9.213874,19.07859,11.37919,14.90931,9.194961,11.56853,32.85386,28.6108,41.91617,34.97059,21.37597,25.05793,23.32227,37.67523,34.70348,25.67153,33.61275,38.87695,27.49972,20.73568,18.72285,21.13192,14.70944,16.47822,15.74084,11.01403,10.49729,13.10484,16.78495,19.88622,24.73742,24.83761,30.60633,44.9338,36.19206,26.6229,40.22057,22.93476,44.96406,38.54962,17.30174,46.03999,34.18551,30.26641,31.8568,32.29041,27.65065
30.05079,26.8585,37.07458,34.78234,43.49299,45.89227,31.01017,38.21384,51.84561,41.04862,49.0221,33.78122,46.47558,58.45264,38.19951,38.48044,54.69949,53.34101,35.11791,47.26091,39.57855,44.73385,44.71729,8.305992,10.44317,16.89379,11.81277,18.30362,18.66713,19.89565,8.179788,0,13.55083,8.955339,6.42405,27.87345,31.98341,32.2632,34.35205,10.00758,16.84075,27.57261,16.38877,13.48143,20.70822,13.77384,17.91864,12.56175,12.33072,6.282337,7.000682,32.96219,27.79765,40.46626,35.92669,23.9117,29.21066,26.91065,34.61995,30.10277,20.79607,29.61387,35.75922,23.85472,19.42989,17.85155,23.25271,13.01072,12.66426,18.64718,13.95831,8.905083,16.21508,22.32907,24.98153,31.38794,22.46903,27.17219,43.62349,36.19992,22.05882,36.77813,18.18202,43.51871,38.0332,11.87153,43.45747,34.95591,38.22952,39.94031,40.43985,35.67992
23.08864,21.02245,27.49707,24.28498,32.29498,35.38324,22.78637,27.85295,40.54072,29.75346,37.28012,23.99667,35.07672,46.35609,26.55566,26.77792,42.22779,40.73356,23.83827,34.60954,27.06907,32.16258,31.54277,11.69794,6.799749,7.38002,9.835908,6.636315,8.928409,6.977729,6.270807,13.55083,0,7.89553,13.34141,21.97718,23.75358,22.34779,22.14944,16.60605,5.86287,16.99265,23.28193,18.49223,28.52822,12.01765,24.72513,16.77746,21.02597,15.36021,17.66305,37.59645,33.76761,47.26427,39.2848,22.73706,26.18064,20.18464,43.57943,40.90645,31.77048,39.55572,44.5798,33.12385,26.32817,20.82534,20.15447,18.40643,22.00857,13.75222,11.85408,13.76296,10.62794,12.21176,14.38111,18.60483,30.54762,36.62041,50.21903,41.03148,32.80764,46.15629,29.18768,50.19293,43.50685,23.41563,51.61332,38.42073,26.47677,27.03759,28.2318,24.40358
28.46059,26.407,32.99822,31.08771,38.77069,40.67436,29.57114,32.60435,47.00229,37.1026,44.5259,31.39284,40.10553,53.1246,34.09592,31.60996,49.36441,46.82611,31.55861,42.04422,34.34855,37.45032,38.85265,11.83142,6.817363,14.43664,13.22166,14.29359,10.89854,14.36427,7.427329,8.955339,7.89553,0,8.169675,25.87948,27.8185,25.96938,26.87397,14.05668,8.608965,20.3185,23.23959,19.53258,28.38472,15.53143,24.82945,17.83172,20.13578,13.74903,14.77995,39.62592,34.96399,48.11232,42.02295,25.71353,31.06472,22.31424,42.94556,38.80041,28.98623,37.54732,43.34016,30.91433,26.79491,19.97775,21.34036,17.26465,20.29291,14.64622,13.4142,11.36258,10.76668,16.3438,17.09518,23.70295,30.39395,35.64282,51.04963,42.87569,30.84064,44.95471,26.86417,50.61887,44.67471,20.12755,51.00914,40.2293,34.3131,34.62371,36.05059,32.1153
33.81475,30.77057,39.83213,36.98933,45.39661,48.0619,33.81674,40.2205,53.70387,42.63518,50.39933,35.77885,47.78421,59.68169,39.41807,39.32296,55.49242,53.92386,36.26223,47.68201,40.30774,44.86669,44.40325,13.31594,13.03615,18.15753,13.02884,17.97579,18.90961,20.29878,9.379212,6.42405,13.34141,8.169675,0,31.96866,35.05572,33.92259,34.47684,6.802927,15.84483,28.32737,22.02753,17.93957,23.41672,17.65941,19.57018,14.22064,15.83429,11.15757,8.874634,36.47634,31.80849,43.46514,39.04507,29.1984,33.56764,29.90007,37.45572,32.61696,21.94453,30.37949,36.22803,23.31008,23.30153,23.70197,27.671,19.2217,18.63559,21.85476,18.3948,14.45663,18.45549,23.96146,25.06857,30.93462,26.79517,30.61727,45.63366,38.4717,25.83621,38.39842,21.04563,44.34381,39.02794,13.47553,44.1723,34.69486,38.83445,39.75748,40.13041,35.01937
6.742632,9.620936,12.00007,14.28303,20.66759,21.53397,14.9136,16.29817,28.065,21.85538,28.36724,18.51062,25.37105,36.24262,21.58234,21.43094,34.82119,33.5536,21.27302,30.54804,23.14846,28.54437,31.29245,20.68009,19.26221,19.0272,24.66085,22.3567,20.0352,18.39322,23.6621,27.87345,21.97718,25.87948,31.96866,0,8.045763,15.64889,22.14321,35.07184,23.06435,18.06996,25.46035,25.25987,37.35965,18.01541,36.24996,29.85254,31.31501,26.79611,32.24291,39.75175,36.32638,51.09665,41.37237,11.39287,17.12728,10.74548,49.7367,49.17158,44.17989,51.44961,56.28242,47.78119,32.4359,15.81948,8.819245,19.20647,26.61489,13.10743,13.91875,20.10983,16.84714,13.78106,20.43393,22.93543,34.83418,42.66038,56.50933,46.63002,39.65688,55.29848,39.06369,59.72507,52.65717,36.8439,61.96526,50.27772,25.39968,28.02229,30.66584,30.7892
11.79942,15.95049,7.808117,13.43362,16.44578,15.11194,18.59717,8.695045,23.50428,20.31185,25.36188,20.37559,17.93027,31.47072,20.36261,14.25043,30.60783,27.19754,21.40623,27.24914,20.02577,21.5987,27.73814,25.84213,22.08169,22.17189,28.98437,24.25331,19.19621,19.03578,27.15295,31.98341,23.75358,27.8185,35.05572,8.045763,0,8.793873,16.15838,38.9363,22.96705,13.54431,32.63451,31.70779,43.99403,23.60565,42.26715,35.18177,37.38361,32.14029,37.1217,47.19019,43.84063,58.62028,48.60311,19.38834,24.17001,7.872732,57.06305,56.08765,50.11117,57.73514,62.68892,53.29721,39.39132,21.61148,12.11572,25.32325,33.16803,14.43819,18.63571,24.68553,17.71119,12.42241,17.07131,18.32695,42.14363,49.88092,63.71226,53.66024,46.57201,62.21444,45.41165,66.43411,59.2413,42.19016,68.67563,56.01723,24.87911,25.66007,29.68698,31.24394
19.04804,22.33217,13.18025,17.25384,18.58475,16.32665,23.74018,7.926534,25.27241,22.8369,27.05751,24.16943,15.20807,31.88802,22.09188,8.426267,30.59115,24.72899,23.33806,26.9053,19.75438,16.20517,25.75027,27.83757,21.90196,22.9928,30.01485,23.55991,15.5042,17.71602,27.14748,32.2632,22.34779,25.96938,33.92259,15.64889,8.793873,0,8.932133,38.54046,19.52217,6.795725,36.98468,35.03584,47.19086,26.51254,44.647,36.94764,39.85673,33.88501,38.00797,52.3755,48.81355,63.56428,53.79748,26.08424,30.89329,8.688651,61.22941,59.403,51.96731,60.00547,65.17232,54.54062,43.2356,25.73505,16.32425,28.8287,36.595,14.83315,21.09114,26.31529,16.40952,10.36773,10.91695,11.8832,46.48109,53.87984,68.02256,58.02212,50.07315,65.52129,48.00793,69.74919,62.60348,43.46788,71.71052,58.34809,25.93931,24.44144,29.38497,31.13811
23.53438,26.1124,17.30471,18.1926,18.66609,18.57966,25.25442,11.97813,24.90162,21.46681,24.95781,23.96761,14.84515,29.59438,19.91551,6.098171,27.0394,20.97371,21.26821,22.42772,16.06867,10.70336,19.61928,30.70604,24.27047,23.11833,30.47614,22.04027,16.2302,16.79944,28.04912,34.35205,22.14944,26.87397,34.47684,22.14321,16.15838,8.932133,0,38.58846,18.71751,8.157738,40.94229,37.62947,49.13109,28.95538,45.82269,37.85428,42.00725,36.23183,39.53841,54.77789,51.7102,65.93502,55.7064,31.51879,34.43074,16.63552,63.78384,62.04078,53.69792,61.41033,66.16269,55.20021,45.79865,31.98421,23.66105,33.76257,40.58926,20.11534,25.2746,30.36284,19.97675,13.16501,10.57127,4.756758,49.67588,56.78546,69.56776,59.41044,53.24625,67.34843,50.47599,70.44764,63.17287,45.25781,72.68938,57.74378,22.57744,19.00156,24.39106,26.61763
35.79374,32.02569,42.85187,38.88897,47.85091,51.536,34.39533,44.14739,56.11924,43.92458,51.88202,36.23059,51.64894,61.83124,40.56572,43.37998,57.20717,56.90952,36.91477,49.011,42.10073,48.54434,45.83704,15.26062,17.50181,19.31395,12.24049,19.11116,23.98836,23.00207,11.80154,10.00758,16.60605,14.05668,6.802927,35.07184,38.9363,38.54046,38.58846,0,20.4477,33.13281,21.31691,16.37828,18.78688,18.4095,14.32417,10.47255,12.79308,11.10629,6.696109,32.26161,28.15299,38.50322,34.56137,30.70781,33.3247,34.70613,32.68185,28.29848,17.34096,24.93861,30.26619,17.47368,19.89063,27.16601,31.96277,21.75863,18.79013,26.73551,21.78736,18.38629,23.70958,28.25599,30.06118,34.75462,23.67205,26.58984,39.92957,33.0826,22.68246,32.98228,17.40519,38.06696,32.81501,10.17641,38.0803,28.14688,39.23926,40.83061,40.18586,34.23238
25.14748,24.18977,27.29303,25.27956,31.94708,33.93576,25.85252,25.96839,39.94793,30.692,37.52246,26.5933,32.59871,45.53724,27.62755,23.8782,41.70721,38.69554,25.67647,34.52901,26.98167,29.15785,31.00306,16.21939,9.125283,12.28707,15.64985,10.7361,4.699714,8.388845,11.31622,16.84075,5.86287,8.608965,15.84483,23.06435,22.96705,19.52217,18.71751,20.4477,0,13.25427,28.11938,23.90678,33.99761,17.15654,30.18548,22.35647,26.1894,20.05801,21.99012,43.3612,39.38133,52.98337,45.10451,26.14701,30.47228,18.51409,48.99013,45.83178,36.30342,44.39833,49.64795,37.64596,31.84052,22.88536,20.38232,21.67742,26.33748,13.11243,14.59211,16.38449,9.291329,10.54879,9.788408,15.21186,35.87103,41.87207,55.94442,46.86524,37.67342,51.38415,33.95201,55.72445,49.16485,27.6626,56.91246,43.87421,28.0359,27.25015,29.49512,26.6901
21.22557,23.13726,18.07091,19.53276,22.8367,22.30322,24.49197,14.01553,30.07827,25.06565,30.21205,24.78369,20.33578,36.0442,23.26442,11.84951,33.6695,28.31988,23.48812,28.53145,21.01236,18.48684,26.05455,24.33891,17.43051,19.25511,25.75152,18.99122,9.45357,13.25732,22.3161,27.57261,16.99265,20.3185,28.32737,18.06996,13.54431,6.795725,8.157738,33.13281,13.25427,0,34.84355,32.08928,43.80614,23.71173,40.75479,32.85672,36.15156,29.92723,33.37222,50.55769,46.80656,61.32929,52.08051,26.56671,31.43493,10.43496,58.3592,55.9738,47.6515,55.80874,61.05175,49.77517,40.42419,24.81596,17.0242,26.7402,33.8835,12.48542,18.59868,23.03154,12.23598,6.730587,4.146233,8.32359,44.00128,51.003,65.25335,55.48025,46.95803,61.9583,44.26028,66.22839,59.24001,38.97327,67.91628,54.46239,25.9159,24.02651,28.49342,28.97502
25.90867,21.5359,36.25704,33.6799,43.10515,46.36344,26.84732,40.42839,50.95438,39.85137,48.01556,31.14007,49.38167,58.27714,37.92911,43.23902,55.06231,56.06525,34.67462,48.34611,41.18311,49.89043,47.7353,11.94778,19.59389,20.84935,16.61784,24.65447,28.63005,26.30351,18.13106,16.38877,23.28193,23.23959,22.02753,25.46035,32.63451,36.98468,40.94229,21.31691,28.11938,34.84355,0,6.71761,13.92193,12.84866,15.22357,13.93776,9.941351,10.9272,15.28739,20.02089,14.36802,28.77925,23.61752,15.59027,19.20847,30.30944,25.07374,23.78819,20.80411,27.23127,32.32085,25.74928,9.025852,15.46979,23.72534,10.323,5.193642,23.92677,16.37223,14.56733,24.4202,28.24195,33.98181,38.91004,10.07885,17.49175,34.10316,26.15421,14.28653,30.50495,14.83974,37.11739,31.30696,16.3899,38.10293,31.55658,38.38701,42.56658,42.0562,37.58565
24.94798,20.26926,34.82091,31.07542,40.79004,44.81834,24.22132,38.66809,48.83431,36.73575,45.0442,27.78916,47.20426,55.60675,34.3105,40.53681,51.78396,53.03912,30.68587,44.45972,37.44146,46.64615,43.29263,8.84468,16.49723,15.74287,10.39186,19.07837,25.29223,21.77399,13.21346,13.48143,18.49223,19.53258,17.93957,25.25987,31.70779,35.03584,37.62947,16.37828,23.90678,32.08928,6.71761,0,12.33341,8.784948,11.32716,7.664563,6.719605,7.35282,11.59562,20.40666,15.6551,29.75268,23.19854,16.97336,18.86077,29.51543,26.3095,25.04726,19.67356,26.27781,31.08368,23.13679,8.345223,17.8077,24.2302,12.13869,8.400094,22.68484,14.85651,13.8468,22.29934,25.4986,30.81951,35.01177,12.24902,19.17229,33.92643,25.12216,16.36232,30.61747,14.7971,35.76831,29.31912,14.18484,37.22406,27.68591,34.05528,37.95518,37.09155,32.04979
36.46073,31.47461,46.70144,42.22156,52.07108,56.7402,34.44805,50.81512,59.91968,47.01448,55.2607,37.58467,59.14753,66.26826,44.44737,52.38796,61.99792,64.25416,40.41236,54.31044,47.95679,58.09082,52.99074,20.13555,27.44337,26.33144,19.23725,28.62701,36.23788,32.6145,22.70501,20.70822,28.52822,28.38472,23.41672,37.35965,43.99403,47.19086,49.13109,18.78688,33.99761,43.80614,13.92193,12.33341,0,20.79548,5.25988,12.11994,8.505235,15.29764,14.78568,14.81568,10.69219,20.0518,18.04495,28.00975,27.81983,41.75779,15.12046,14.25409,11.31294,14.84917,18.97976,14.24934,5.554669,28.63203,36.2597,22.69358,15.1175,34.6053,26.95187,24.4392,33.72625,37.38292,42.09414,46.06243,7.492348,9.24113,22.97111,16.20191,9.150561,18.40724,7.937466,24.03927,18.52086,12.5652,24.95295,19.00038,43.22576,47.44815,45.44918,39.37798
17.87321,13.80689,26.69975,23.10894,32.63822,36.46942,17.67512,30.10173,40.84739,29.18879,37.43801,21.00929,38.51771,47.62858,26.70822,31.76208,43.92676,44.47543,23.44737,36.73693,29.32709,37.89037,35.47426,5.976873,10.48354,8.157537,7.710668,12.32697,17.90922,13.62774,9.213874,13.77384,12.01765,15.53143,17.65941,18.01541,23.60565,26.51254,28.95538,18.4095,17.15654,23.71173,12.84866,8.784948,20.79548,0,18.66545,11.8392,14.33898,10.5248,15.58173,27.17026,23.2078,37.63307,29.16873,13.07437,15.99141,21.77146,34.96793,33.75513,27.32789,34.41857,39.16979,30.11125,16.91797,14.90612,17.81074,11.20144,13.74116,15.53555,8.151013,11.0001,15.37145,17.06111,22.81073,26.53773,20.73865,27.9322,41.76652,32.19384,24.92045,39.19575,22.96263,43.48222,36.56353,20.23463,45.36374,33.51461,27.03981,30.36596,30.40765,26.31269
35.32724,30.43216,44.93862,40.11033,49.91406,54.73514,32.82595,48.55847,57.87857,44.71505,52.95467,35.47479,56.59863,63.91307,41.8487,49.47856,59.35887,61.37177,37.73116,51.37326,45.03414,54.87101,49.5829,17.99375,24.57014,22.96264,15.40396,24.6648,32.88596,29.08672,19.07859,17.91864,24.72513,24.82945,19.57018,36.24996,42.26715,44.647,45.82269,14.32417,30.18548,40.75479,15.22357,11.32716,5.25988,18.66545,0,8.016375,6.99606,13.00674,11.63633,18.3974,14.87573,24.3358,20.86106,28.06378,27.88748,39.85337,19.72336,18.12252,11.69046,16.42403,20.62051,12.97468,8.196276,28.39619,35.13421,22.30929,15.7261,32.50102,25.12847,22.80725,31.10142,34.56579,38.75766,42.45209,11.94152,14.32124,26.30838,19.00361,13.16276,21.65536,9.753967,26.09197,20.14982,10.64104,27.18002,18.05861,40.31371,44.05783,42.07348,35.75474
29.21053,24.6566,38.01009,33.31565,42.96795,47.54753,26.96707,41.08679,51.09241,38.2028,46.45098,29.4035,48.99698,57.12284,35.18664,41.6523,52.61682,53.92082,31.22441,44.61279,37.91655,47.03772,42.55411,11.45005,17.16785,15.17811,7.41231,16.84637,25.07115,21.1211,11.37919,12.56175,16.77746,17.83172,14.22064,29.85254,35.18177,36.94764,37.85428,10.47255,22.35647,32.85672,13.93776,7.664563,12.11994,11.8392,8.016375,0,6.79872,7.979625,8.485357,22.98325,19.20792,31.15499,25.08415,23.38427,24.09278,32.65555,27.22321,25.31962,17.40152,23.86585,28.39556,18.77835,11.4003,23.5099,28.76247,17.74202,13.95694,25.35683,18.34231,16.94471,23.71595,26.77888,30.83525,34.45964,16.11155,20.9607,33.66413,25.16375,18.42111,29.63649,14.7548,33.66333,27.19703,11.70958,35.07126,23.49214,33.9258,37.1318,35.78381,29.81974
31.45802,26.88266,40.94619,37.18511,46.86059,50.77124,30.57808,44.20561,55.0063,42.71031,51.02698,33.79832,52.66719,61.58975,40.02479,45.49004,57.52268,58.50199,36.25385,49.87785,42.88462,51.49948,48.18176,12.1996,19.26908,20.03952,12.79536,22.41593,28.23703,25.76443,14.90931,12.33072,21.02597,20.13578,15.83429,31.31501,37.38361,39.85673,42.00725,12.79308,26.1894,36.15156,9.941351,6.719605,8.505235,14.33898,6.99606,6.79872,0,6.82048,7.365858,21.14578,16.11402,28.18124,24.31025,23.3007,25.43227,34.29144,22.92938,20.06405,13.10944,20.37425,25.79293,16.78932,7.618296,21.81482,29.12587,15.64889,9.100881,26.73261,19.42342,16.28338,25.56669,29.88281,34.2588,39.00322,11.10742,15.75579,31.47006,24.06625,12.10573,25.92302,8.838408,32.16397,26.4962,7.88645,32.69184,25.01867,39.33586,42.80976,41.74419,36.09196
27.92305,23.96686,36.42329,33.40321,42.72161,45.91466,28.12901,38.84821,51.01752,39.4649,47.68741,31.28917,47.34273,57.73561,36.74739,39.86456,53.89628,53.76867,33.33404,46.40996,38.96323,46.11011,44.4428,6.298311,12.6946,15.81303,9.517641,18.20292,21.7905,20.59184,9.194961,6.282337,15.36021,13.74903,11.15757,26.79611,32.14029,33.88501,36.23183,11.10629,20.05801,29.92723,10.9272,7.35282,15.29764,10.5248,13.00674,7.979625,6.82048,0,5.771671,26.74525,21.63587,34.7122,29.72623,20.63948,24.70029,28.28954,29.56456,26.14948,18.13938,26.35627,32.11117,21.6171,13.33337,17.16521,23.63074,11.23526,8.366476,20.41397,13.68524,9.993036,18.94707,23.86477,27.90861,33.3502,16.67318,22.09345,38.22356,30.38136,17.62162,32.52969,14.3404,38.83162,32.99952,10.11918,39.30181,30.57098,36.58284,39.32534,39.13565,34.07122
33.29827,29.31431,41.40937,38.04359,47.30918,50.65436,32.86347,43.38106,55.63278,43.73349,51.91773,35.57393,51.57331,62.00351,40.74206,43.70458,57.83236,57.64409,37.15578,50.00413,42.74779,49.59615,47.52742,11.56869,16.22031,19.28168,11.91419,20.59124,24.52473,23.75373,11.56853,7.000682,17.66305,14.77995,8.874634,32.24291,37.1217,38.00797,39.53841,6.696109,21.99012,33.37222,15.28739,11.59562,14.78568,15.58173,11.63633,8.485357,7.365858,5.771671,0,28.33928,23.45813,34.79748,31.27318,26.38692,29.84993,32.88013,28.69412,24.22985,14.39663,22.90565,28.8644,17.06221,14.97613,22.3644,28.76056,16.52578,12.31347,24.76253,18.79596,14.47237,22.56384,27.78711,30.81086,36.23667,18.19476,21.75529,37.31166,30.43114,17.16922,30.22503,12.45027,36.70925,31.45824,5.753369,36.5799,28.55674,40.03963,42.39592,41.91005,36.29183
37.01406,32.00409,48.0408,43.08963,52.53444,58.08767,33.97096,53.9476,59.3654,46.70926,54.34147,37.2339,61.93079,65.52647,44.97236,56.77685,61.6083,66.02062,41.12169,54.78493,49.62018,62.11536,54.96094,29.16452,36.67789,32.81887,28.20734,35.81721,44.92412,39.39221,32.85386,32.96219,37.59645,39.62592,36.47634,39.75175,47.19019,52.3755,54.77789,32.26161,43.3612,50.55769,20.02089,20.40666,14.81568,27.17026,18.3974,22.98325,21.14578,26.74525,28.33928,0,6.177141,11.9854,4.605276,29.20778,25.01865,47.22138,15.52884,21.51799,25.08262,24.64224,25.23453,27.24779,13.73231,34.63082,41.33775,30.06371,24.1597,41.78498,33.93565,33.71406,42.1353,43.89526,49.88389,52.32644,12.84433,14.60013,17.51473,8.729559,19.01321,22.09395,21.52559,23.19118,17.28955,27.13334,26.76297,21.33605,43.79603,49.51983,46.64966,41.34752
34.51303,29.51969,45.60031,41.31204,50.92612,55.80257,32.60585,51.04014,58.16267,45.8013,53.73477,36.30362,59.42729,64.76651,43.95563,53.87907,61.02531,64.39878,40.17571,54.12427,48.25119,59.69021,54.00835,24.32648,32.081,29.70739,24.63522,32.94371,40.76242,36.18522,28.6108,27.79765,33.76761,34.96399,31.80849,36.32638,43.84063,48.81355,51.7102,28.15299,39.38133,46.80656,14.36802,15.6551,10.69219,23.2078,14.87573,19.20792,16.11402,21.63587,23.45813,6.177141,0,14.95929,10.55376,25.53834,23.41815,43.0769,14.60287,18.35412,20.93912,22.30375,24.5927,24.30345,8.519227,29.40277,36.84533,24.63187,18.24878,37.22149,29.35531,28.41464,37.53775,40.09162,45.98913,49.30882,6.814026,10.61008,20.75699,12.84458,13.6834,21.44675,16.45824,25.50324,19.82568,22.16319,27.80386,23.09201,43.21921,48.54857,46.32358,41.05346
48.79231,43.78396,59.87319,54.99959,64.49698,69.97375,45.91611,65.59504,71.34167,58.57613,66.18197,49.07051,73.71303,77.41536,56.7297,68.26252,73.3714,77.86496,52.76972,66.3944,61.31464,73.66658,66.33096,38.4911,46.19096,43.37297,37.61288,46.01724,54.88735,49.99393,41.91617,40.46626,47.26427,48.11232,43.46514,51.09665,58.62028,63.56428,65.93502,38.50322,52.98337,61.32929,28.77925,29.75268,20.0518,37.63307,24.3358,31.15499,28.18124,34.7122,34.79748,11.9854,14.95929,0,13.12781,40.23604,36.87617,58.01573,9.713384,18.36843,26.3266,21.95461,20.08366,27.79847,21.64786,43.98149,51.77495,39.08746,31.78699,51.99212,44.09945,42.59917,52.01187,54.6621,60.28437,63.24085,19.18747,15.19397,7.755056,9.335498,21.46627,15.18674,24.7184,15.65594,13.8451,31.76459,18.47178,22.2322,55.25668,60.83036,57.6739,51.9185
37.95948,32.99418,48.75198,43.26143,52.51627,58.59367,33.99845,54.8986,59.0365,46.16462,53.52779,36.81408,62.48985,64.77999,44.47479,57.60741,60.68831,65.83237,40.59264,53.90689,49.31237,62.51296,54.24627,31.8207,39.02057,34.01013,29.88894,36.7679,46.80639,40.55071,34.97059,35.92669,39.2848,42.02295,39.04507,41.37237,48.60311,53.79748,55.7064,34.56137,45.10451,52.08051,23.61752,23.19854,18.04495,29.16873,20.86106,25.08415,24.31025,29.72623,31.27318,4.605276,10.55376,13.12781,0,31.30304,25.71832,49.2178,18.58731,25.14719,28.38073,27.32096,26.99956,29.69386,17.23861,37.77202,43.75327,33.32445,27.91286,44.1095,36.34957,36.73715,44.43971,45.52547,51.50676,53.20693,17.12584,18.71684,17.44146,8.043932,23.26541,24.38239,25.29451,23.09566,16.86708,30.41194,27.64019,20.46116,42.9342,48.85934,45.53007,40.25261
11.67892,8.855324,22.14615,21.25171,29.6275,32.1814,16.09363,27.43409,36.96488,28.03658,35.51592,21.11764,36.34692,44.88063,27.23961,31.93009,42.74983,43.47517,25.30334,37.50288,30.41397,38.74523,38.21031,15.94733,19.15284,18.51961,20.75726,22.95816,24.60894,21.61498,21.37597,23.9117,22.73706,25.71353,29.1984,11.39287,19.38834,26.08424,31.51879,30.70781,26.14701,26.56671,15.59027,16.97336,28.00975,13.07437,28.06378,23.38427,23.3007,20.63948,26.38692,29.20778,25.53834,40.23604,31.30304,0,10.1709,19.85438,39.05491,39.12937,35.84526,42.34931,46.9254,40.01024,22.66143,11.99589,13.7296,13.01815,18.12055,17.44149,12.59707,16.87425,20.28524,20.48342,27.568,31.00578,24.34381,32.20342,46.08075,36.6364,29.79533,45.17384,30.18754,49.9605,43.21146,29.84331,52.11413,42.2622,29.55182,33.83772,34.63937,32.70973
12.75892,8.573052,23.68424,19.83643,28.61218,33.55735,11.52414,30.47282,35.32014,24.50014,31.95966,16.27799,38.22687,42.38567,23.82154,34.6352,39.59234,42.99327,21.30727,34.10044,28.36669,40.14007,35.52741,21.06037,24.98411,19.71278,22.10611,23.74511,29.92291,23.87796,25.05793,29.21066,26.18064,31.06472,33.56764,17.12728,24.17001,30.89329,34.43074,33.3247,30.47228,31.43493,19.20847,18.86077,27.81983,15.99141,27.88748,24.09278,25.43227,24.70029,29.84993,25.01865,23.41815,36.87617,25.71832,10.1709,0,26.90221,37.97342,40.04781,37.72221,42.64336,45.90026,40.7911,22.72793,21.73655,22.59335,21.00201,23.3411,25.04142,19.63558,24.3178,27.17545,25.47767,32.51819,33.52935,24.87227,32.47521,42.31325,32.14591,31.8844,44.24785,32.44275,46.58036,39.35019,33.04408,49.9362,38.19002,25.09733,30.86044,30.13257,28.0281
16.45593,18.92839,15.48827,19.45247,23.54152,21.76956,22.96928,13.9975,30.76335,26.62206,32.21955,25.16565,22.7584,38.31969,25.78477,16.94917,37.06548,32.5575,25.96822,32.88962,25.12537,24.77503,32.14261,22.19268,17.2166,20.88757,26.56868,22.79459,14.11928,17.4284,23.32227,26.91065,20.18464,22.31424,29.90007,10.74548,7.872732,8.688651,16.63552,34.70613,18.51409,10.43496,30.30944,29.51543,41.75779,21.77146,39.85337,32.65555,34.29144,28.28954,32.88013,47.22138,43.0769,58.01573,49.2178,19.85438,26.90221,0,55.17317,53.04487,46.30117,54.53294,60.04889,49.71507,37.53139,17.51898,7.91319,21.3977,29.63663,8.277563,14.87943,19.60355,11.57962,9.094079,12.90885,17.94374,40.20817,47.57377,62.95968,53.39805,43.4666,59.80533,41.89109,65.12717,58.29599,37.92453,66.65253,55.07041,29.46922,29.68052,33.6157,33.94322
48.58314,43.58475,59.50065,55.18879,64.94917,69.71328,46.67049,64.36284,72.39147,59.66001,67.69074,50.06738,72.86382,78.839,57.48183,66.63809,74.77233,77.93593,53.47333,67.42815,61.52965,72.46696,66.69791,34.34637,41.94662,41.07507,34.30414,43.56686,51.00603,47.47501,37.67523,34.61995,43.57943,42.94556,37.45572,49.7367,57.06305,61.22941,63.78384,32.68185,48.99013,58.3592,25.07374,26.3095,15.12046,34.96793,19.72336,27.22321,22.92938,29.56456,28.69412,15.52884,14.60287,9.713384,18.58731,39.05491,37.97342,55.17317,0,8.688987,18.02842,13.73314,13.97413,20.43789,18.05455,40.1352,48.79832,34.82041,26.65018,48.35323,40.66156,37.79163,47.93985,51.80091,56.85565,60.91822,15.05935,7.998332,12.62379,13.82938,13.89139,8.178241,17.11086,16.17091,15.09425,24.60928,15.73663,22.22776,56.224,61.12817,58.58171,52.52503
49.07111,44.25684,59.52747,55.78529,65.56856,69.63974,48.02119,63.49816,73.41793,60.92069,69.16912,51.49825,72.18747,80.08765,58.49293,65.34267,76.04046,77.98969,54.53917,68.47889,61.97373,71.44925,67.16766,31.69431,38.8027,39.85733,32.46741,42.08985,47.91301,45.79262,34.70348,30.10277,40.90645,38.80041,32.61696,49.17158,56.08765,59.403,62.04078,28.29848,45.83178,55.9738,23.78819,25.04726,14.25409,33.75513,18.12252,25.31962,20.06405,26.14948,24.22985,21.51799,18.35412,18.36843,25.14719,39.12937,40.04781,53.04487,8.688987,0,11.61789,8.897917,12.98754,15.41325,17.94675,37.62802,46.76621,32.11379,23.61636,45.62995,38.42054,34.29872,44.77647,49.68692,54.05699,59.0631,15.26478,7.889912,20.27308,20.62886,9.75758,9.274908,11.96212,20.93726,20.17599,19.16045,18.28835,24.98345,57.44417,61.64471,59.69281,53.53095
44.55116,39.93686,53.9774,50.12421,59.79786,63.70015,43.3873,56.87425,67.96235,55.36111,63.65523,46.34606,65.24582,74.32402,52.48663,57.68202,69.97005,70.96503,48.53189,62.01239,55.24886,63.51149,59.87152,24.37448,30.36882,32.11675,24.20474,33.56276,38.91424,37.45489,25.67153,20.79607,31.77048,28.98623,21.94453,44.17989,50.11117,51.96731,53.69792,17.34096,36.30342,47.6515,20.80411,19.67356,11.31294,27.32789,11.69046,17.40152,13.10944,18.13938,14.39663,25.08262,20.93912,26.3266,28.38073,35.84526,37.72221,46.30117,18.02842,11.61789,0,9.124582,15.93373,6.840574,15.6248,32.84857,41.08221,26.84854,19.04093,38.32949,31.68961,27.08903,36.60722,41.82406,45.19404,50.34191,15.99652,13.41102,27.47922,24.43728,10.53281,17.18485,6.214912,25.90052,23.07332,8.941073,23.98578,23.30127,51.24708,54.47028,52.93364,46.60583
51.04647,46.14174,60.95224,56.45226,66.26999,70.83401,48.95934,64.43,74.23106,61.07251,69.29043,51.73484,72.67114,80.31083,58.22434,65.32406,75.70495,77.7141,54.05834,67.64134,61.41679,70.85114,65.68384,32.39666,38.75226,39.04187,31.15278,40.38297,47.23592,44.80464,33.61275,29.61387,39.55572,37.54732,30.37949,51.44961,57.73514,60.00547,61.41033,24.93861,44.39833,55.80874,27.23127,26.27781,14.84917,34.41857,16.42403,23.86585,20.37425,26.35627,22.90565,24.64224,22.30375,21.95461,27.32096,42.34931,42.64336,54.53294,13.73314,8.897917,9.124582,0,7.058864,8.462076,20.11932,40.84349,49.16633,34.84562,26.64615,46.74338,39.71729,35.66538,45.1462,49.83363,53.43143,57.92026,19.5616,13.74462,21.06894,21.29349,14.79528,9.328553,13.33635,18.12765,17.51864,17.84862,15.13999,19.93659,56.48777,60.1663,57.87784,51.20592
55.20077,50.14068,65.28153,60.1967,70.02806,75.18154,52.27094,69.16082,77.76713,64.20412,72.26782,54.76203,77.17498,83.49661,61.36816,70.02438,78.65968,81.51518,57.0752,70.53837,64.84155,75.19767,68.70913,37.91079,44.38103,43.40065,35.70579,44.58612,52.68508,49.39083,38.87695,35.75922,44.5798,43.34016,36.22803,56.28242,62.68892,65.17232,66.16269,30.26619,49.64795,61.05175,32.32085,31.08368,18.97976,39.16979,20.62051,28.39556,25.79293,32.11117,28.8644,25.23453,24.5927,20.08366,26.99956,46.9254,45.90026,60.04889,13.97413,12.98754,15.93373,7.058864,0,13.49501,24.2708,46.69491,54.77068,40.68284,32.50635,52.44741,45.18555,41.70672,50.89694,55.01215,58.74935,62.55673,23.67668,17.34678,16.84383,19.68488,20.33082,6.893338,19.6308,11.96213,13.6214,24.25953,8.409594,17.49442,59.20136,63.1581,60.27971,53.42445
47.60787,42.90748,56.67615,52.07087,61.71341,66.19119,45.36766,59.41537,69.81573,56.6517,64.8227,47.7013,67.32614,75.61234,53.51039,59.55741,70.79898,72.19239,49.37514,62.4991,56.1828,64.791,59.96938,27.7424,33.07228,33.51475,25.4827,34.18703,40.88853,38.76751,27.49972,23.85472,33.12385,30.91433,23.31008,47.78119,53.29721,54.54062,55.20021,17.47368,37.64596,49.77517,25.74928,23.13679,14.24934,30.11125,12.97468,18.77835,16.78932,21.6171,17.06221,27.24779,24.30345,27.79847,29.69386,40.01024,40.7911,49.71507,20.43789,15.41325,6.840574,8.462076,13.49501,0,19.35439,37.80429,45.21916,31.67288,24.38904,41.71891,35.21428,31.14925,39.54019,44.20304,47.05595,51.44851,20.68333,17.80496,27.13658,24.58956,16.60269,17.40979,12.3062,23.54556,21.01503,12.6988,21.77582,19.511,51.61465,54.57501,52.55987,45.80771
31.53213,26.57142,42.0504,37.93415,47.73671,52.19535,30.07747,46.49278,55.51908,43.03103,51.27171,33.63732,54.99336,62.16792,40.72652,48.60629,58.22886,60.42184,36.87964,50.88302,44.37047,54.5572,49.97938,16.88607,24.60646,23.40447,17.28732,26.38429,33.51114,29.73489,20.73568,19.42989,26.32817,26.79491,23.30153,32.4359,39.39132,43.2356,45.79865,19.89063,31.84052,40.42419,9.025852,8.345223,5.554669,16.91797,8.196276,11.4003,7.618296,13.33337,14.97613,13.73231,8.519227,21.64786,17.23861,22.66143,22.72793,37.53139,18.05455,17.94675,15.6248,20.11932,24.2708,19.35439,0,24.17028,31.70919,18.5405,11.61324,30.8156,22.97672,21.18367,30.49853,33.8187,39.12416,43.09648,4.973106,11.32558,25.93951,17.94322,10.45748,22.89907,10.58434,28.33189,22.34688,14.3267,29.72584,22.82943,40.00943,44.49751,42.82976,37.29332
20.16082,18.6077,27.56941,28.46912,36.08327,36.59131,25.61391,29.97335,43.7739,36.01026,43.37101,29.96223,39.23787,51.78165,34.70131,33.44001,49.81587,48.04601,32.90707,44.37338,36.4602,41.01427,43.85929,12.88396,14.56503,20.62787,21.09377,24.38867,20.86208,22.44008,18.72285,17.85155,20.82534,19.97775,23.70197,15.81948,21.61148,25.73505,31.98421,27.16601,22.88536,24.81596,15.46979,17.8077,28.63203,14.90612,28.39619,23.5099,21.81482,17.16521,22.3644,34.63082,29.40277,43.98149,37.77202,11.99589,21.73655,17.51898,40.1352,37.62802,32.84857,40.84349,46.69491,37.80429,24.17028,0,10.04429,6.18272,14.25931,12.51763,9.389694,9.269997,14.90157,19.32756,24.81791,31.33098,25.40409,32.32558,49.55776,41.30111,27.89021,45.27717,27.55817,52.41468,46.46117,25.68261,53.11735,45.48794,37.03444,39.71982,41.42369,39.03325
15.12118,16.13728,19.03784,21.83766,27.84581,27.16272,22.22901,20.33579,35.28445,29.5265,36.04533,25.79379,29.53475,43.31095,28.65524,24.1991,41.9008,38.9352,27.96244,37.29917,29.41122,31.95048,36.98138,17.74991,15.29609,19.96921,23.94623,23.10584,16.8165,19.02493,21.13192,23.25271,20.15447,21.34036,27.671,8.819245,12.11572,16.32425,23.66105,31.96277,20.38232,17.0242,23.72534,24.2302,36.2597,17.81074,35.13421,28.76247,29.12587,23.63074,28.76056,41.33775,36.84533,51.77495,43.75327,13.7296,22.59335,7.91319,48.79832,46.76621,41.08221,49.16633,54.77068,45.21916,31.70919,10.04429,0,14.75789,23.19246,7.488803,10.57072,14.72064,11.76221,12.81594,18.36404,24.10046,33.77505,41.14213,57.16404,48.00218,37.04504,53.87755,36.14684,59.87567,53.31696,33.19854,61.18261,51.15782,31.97343,33.67412,36.5714,35.79305
22.08693,19.20189,30.59172,29.84562,38.4152,40.08976,25.5819,33.30806,46.42425,36.99617,44.85378,29.79321,42.46474,54.07614,35.17832,36.01779,51.40757,50.43343,32.68417,45.15847,37.31446,43.22772,44.22591,8.043786,12.58802,18.08228,16.46539,21.81476,20.93406,21.346,14.70944,13.01072,18.40643,17.26465,19.2217,19.20647,25.32325,28.8287,33.76257,21.75863,21.67742,26.7402,10.323,12.13869,22.69358,11.20144,22.30929,17.74202,15.64889,11.23526,16.52578,30.06371,24.63187,39.08746,33.32445,13.01815,21.00201,21.3977,34.82041,32.11379,26.84854,34.84562,40.68284,31.67288,18.5405,6.18272,14.75789,0,8.500758,14.73422,8.643553,6.099818,15.64701,20.63139,25.98578,32.2579,20.14885,26.94504,44.23678,36.10877,22.40857,39.56487,21.62469,46.63233,40.74237,19.7113,47.25284,39.66291,36.6402,39.60511,40.55168,37.14404
28.13417,24.18349,37.68503,35.64398,44.87795,47.52298,29.73411,40.94572,52.92974,42.16707,50.33494,33.84095,49.96616,60.29114,40.05435,43.30468,57.09163,57.16193,36.90038,50.26352,42.76144,50.13792,49.16454,10.46863,17.61124,21.28398,16.46661,24.68552,26.89253,26.10658,16.47822,12.66426,22.00857,20.29291,18.63559,26.61489,33.16803,36.595,40.58926,18.79013,26.33748,33.8835,5.193642,8.400094,15.1175,13.74116,15.7261,13.95694,9.100881,8.366476,12.31347,24.1597,18.24878,31.78699,27.91286,18.12055,23.3411,29.63663,26.65018,23.61636,19.04093,26.64615,32.50635,24.38904,11.61324,14.25931,23.19246,8.500758,0,22.5268,15.56584,11.68591,22.50308,27.57336,32.59751,38.44717,12.60126,18.69158,36.65103,29.42473,13.92866,31.16289,13.40259,38.83835,33.48189,13.38818,39.05333,33.34195,40.59192,44.10214,44.01273,39.47314
17.98696,18.14596,21.1029,22.25241,28.75561,28.83902,22.91043,20.89814,36.68865,29.57956,36.41692,25.59643,29.60029,43.99136,27.82683,22.48094,41.71675,38.3282,26.6779,36.10531,27.95894,29.89921,34.57769,14.58658,9.290992,15.67396,19.66671,17.84747,9.548767,13.61833,15.74084,18.64718,13.75222,14.64622,21.85476,13.10743,14.43819,14.83315,20.11534,26.73551,13.11243,12.48542,23.92677,22.68484,34.6053,15.53555,32.50102,25.35683,26.73261,20.41397,24.76253,41.78498,37.22149,51.99212,44.1095,17.44149,25.04142,8.277563,48.35323,45.62995,38.32949,46.74338,52.44741,41.71891,30.8156,12.51763,7.488803,14.73422,22.5268,0,7.914663,11.68607,4.326614,7.716494,12.37137,19.41185,33.64941,40.64352,56.57962,47.41041,36.20853,52.4734,34.18978,58.2196,51.65247,29.80793,59.35335,48.42898,30.30353,31.07499,33.97441,32.52018
16.80478,14.71321,23.77098,22.71755,31.0999,32.99841,20.09325,25.8099,39.31611,29.8775,37.62056,23.54706,34.70799,46.63077,27.82181,27.80576,43.74093,42.32705,25.59944,37.35326,29.34534,34.8123,36.06619,7.47394,6.741503,11.54631,13.57694,15.07324,13.36604,13.22038,11.01403,13.95831,11.85408,13.4142,18.3948,13.91875,18.63571,21.09114,25.2746,21.78736,14.59211,18.59868,16.37223,14.85651,26.95187,8.151013,25.12847,18.34231,19.42342,13.68524,18.79596,33.93565,29.35531,44.09945,36.34957,12.59707,19.63558,14.87943,40.66156,38.42054,31.68961,39.71729,45.18555,35.21428,22.97672,9.389694,10.57072,8.643553,15.56584,7.914663,0,6.833126,8.746649,12.18887,17.98621,23.67348,25.92488,33.06625,48.69333,39.53887,29.00421,44.98225,27.1953,50.53559,43.95187,23.63909,51.82584,41.19012,29.44081,31.65755,33.20305,30.42943
23.37727,20.91131,30.39281,29.51658,37.84025,39.3545,26.42415,31.85946,46.05326,36.57843,44.36659,29.90853,40.69477,53.33157,34.34978,33.42377,50.36852,48.58972,31.88322,43.77685,35.76719,40.44365,42.08099,6.06611,7.414983,15.63384,14.18744,18.50241,15.95935,17.83316,10.49729,8.905083,13.76296,11.36258,14.45663,20.10983,24.68553,26.31529,30.36284,18.38629,16.38449,23.03154,14.56733,13.8468,24.4392,11.0001,22.80725,16.94471,16.28338,9.993036,14.47237,33.71406,28.41464,42.59917,36.73715,16.87425,24.3178,19.60355,37.79163,34.29872,27.08903,35.66538,41.70672,31.14925,21.18367,9.269997,14.72064,6.099818,11.68591,11.68607,6.833126,0,11.08246,17.31902,21.54682,28.43626,23.64163,29.92433,47.00989,38.81666,24.9894,41.55058,22.8474,48.39,42.45216,18.78078,48.83653,40.1803,35.56436,37.59093,38.88318,35.37049
20.94091,20.55275,23.89586,24.10195,30.77922,31.30615,24.58737,23.11335,38.82545,31.00876,37.94738,26.8011,31.27812,45.66797,28.79294,23.41418,42.92237,39.43961,27.32339,36.77309,28.66386,30.36497,34.55478,13.66456,6.638601,14.40494,17.79403,15.75009,6.158205,11.94416,13.10484,16.21508,10.62794,10.76668,18.45549,16.84714,17.71119,16.40952,19.97675,23.70958,9.291329,12.23598,24.4202,22.29934,33.72625,15.37145,31.10142,23.71595,25.56669,18.94707,22.56384,42.1353,37.53775,52.01187,44.43971,20.28524,27.17545,11.57962,47.93985,44.77647,36.60722,45.1462,50.89694,39.54019,30.49853,14.90157,11.76221,15.64701,22.50308,4.326614,8.746649,11.08246,0,7.816111,10.69125,18.40996,33.66339,40.27533,56.11246,47.09574,35.67057,51.44687,33.02645,57.1098,50.63953,27.83937,58.0709,46.88457,30.6407,30.93271,33.6614,31.65752
16.71499,17.56018,17.31374,17.28533,23.30876,24.34786,19.85972,16.2853,31.34074,23.83908,30.39728,21.11575,24.18264,37.94103,21.7415,16.28669,35.14421,31.78644,20.92348,29.18366,21.0956,23.13556,27.16845,18.02328,11.89299,13.43635,19.84305,14.29309,7.048057,8.646957,16.78495,22.32907,12.21176,16.3438,23.96146,13.78106,12.42241,10.36773,13.16501,28.25599,10.54879,6.730587,28.24195,25.4986,37.38292,17.06111,34.56579,26.77888,29.88281,23.86477,27.78711,43.89526,40.09162,54.6621,45.52547,20.48342,25.47767,9.094079,51.80091,49.68692,41.82406,49.83363,55.01215,44.20304,33.8187,19.32756,12.81594,20.63139,27.57336,7.716494,12.18887,17.31902,7.816111,0,7.20119,12.0052,37.36445,44.47312,58.72928,48.975,40.6031,55.63897,38.12577,59.97837,52.98652,33.33351,61.71957,48.65317,24.06828,23.89599,27.27706,26.53948
23.49193,24.61135,21.69572,22.13878,26.26321,26.31329,26.04906,18.09485,33.65111,27.55691,33.08012,26.35266,24.09286,39.31507,25.29026,15.36255,36.48206,31.41342,24.92622,30.7193,23.21547,21.23167,27.61912,22.79262,15.35711,18.02894,23.78398,17.19351,6.33065,11.94043,19.88622,24.98153,14.38111,17.09518,25.06857,20.43393,17.07131,10.91695,10.57127,30.06118,9.788408,4.146233,33.98181,30.81951,42.09414,22.81073,38.75766,30.83525,34.2588,27.90861,30.81086,49.88389,45.98913,60.28437,51.50676,27.568,32.51819,12.90885,56.85565,54.05699,45.19404,53.43143,58.74935,47.05595,39.12416,24.81791,18.36404,25.98578,32.59751,12.37137,17.98621,21.54682,10.69125,7.20119,0,8.948669,42.83971,49.50976,63.88003,54.34251,45.28894,59.99225,42.20257,64.37936,57.5531,36.43461,65.83232,52.51545,27.22074,25.2299,29.25162,28.86666
23.88805,25.56724,19.66331,18.71579,21.03651,22.45005,24.46051,15.75248,27.78397,21.9688,26.38046,23.04062,19.19225,32.19509,19.62883,10.60328,28.77247,24.02398,20.08213,22.8983,16.2702,14.11035,19.22737,28.21765,21.74811,19.97085,27.05152,18.23184,13.7029,13.46044,24.73742,31.38794,18.60483,23.70295,30.93462,22.93543,18.32695,11.8832,4.756758,34.75462,15.21186,8.32359,38.91004,35.01177,46.06243,26.53773,42.45209,34.45964,39.00322,33.3502,36.23667,52.32644,49.30882,63.24085,53.20693,31.00578,33.52935,17.94374,60.91822,59.0631,50.34191,57.92026,62.55673,51.44851,43.09648,31.33098,24.10046,32.2579,38.44717,19.41185,23.67348,28.43626,18.40996,12.0052,8.948669,0,47.20608,54.05742,66.491,56.44374,50.57241,64.08226,47.47315,66.93948,59.72647,41.98837,69.14111,53.94282,21.26863,17.69334,22.46729,23.64962
34.22112,29.38589,45.00899,41.39659,51.08666,55.22164,33.44173,49.6548,58.74643,46.67978,54.85162,37.33315,58.36633,65.65285,44.61795,52.22516,61.99241,64.17756,40.90735,54.92281,48.37859,58.43974,54.30102,20.24706,28.0893,27.79885,21.91501,30.99862,37.22141,33.98775,24.83761,22.46903,30.54762,30.39395,26.79517,34.83418,42.14363,46.48109,49.67588,23.67205,35.87103,44.00128,10.07885,12.24902,7.492348,20.73865,11.94152,16.11155,11.10742,16.67318,18.19476,12.84433,6.814026,19.18747,17.12584,24.34381,24.87227,40.20817,15.05935,15.26478,15.99652,19.5616,23.67668,20.68333,4.973106,25.40409,33.77505,20.14885,12.60126,33.64941,25.92488,23.64163,33.66339,37.36445,42.83971,47.20608,0,7.909329,24.36748,17.71876,7.777441,20.97941,10.56248,27.71674,22.61292,16.40366,28.60995,24.99655,44.17914,48.86353,47.27156,41.92595
42.10429,37.23008,52.85208,49.04809,58.79971,63.05096,40.98221,57.34989,66.47068,54.10502,62.28156,44.64231,66.03191,73.21669,51.90241,59.64619,69.34693,71.69705,48.03027,62.05389,55.66154,65.76311,61.19765,26.80501,34.42924,34.50093,27.77642,37.22756,43.6259,40.70292,30.60633,27.17219,36.62041,35.64282,30.61727,42.66038,49.88092,53.87984,56.78546,26.58984,41.87207,51.003,17.49175,19.17229,9.24113,27.9322,14.32124,20.9607,15.75579,22.09345,21.75529,14.60013,10.61008,15.19397,18.71684,32.20342,32.47521,47.57377,7.998332,7.889912,13.41102,13.74462,17.34678,17.80496,11.32558,32.32558,41.14213,26.94504,18.69158,40.64352,33.06625,29.92433,40.27533,44.47312,49.50976,54.05742,7.909329,0,19.40361,16.20488,6.30314,13.58816,10.2738,22.24116,18.99004,18.01156,21.93421,23.42419,51.07197,55.68321,53.73391,47.92199
53.9873,48.86478,64.8025,59.31962,68.88078,74.80201,50.29091,70.27257,75.76335,62.41943,69.97515,52.91076,78.11344,81.35599,60.28007,72.32277,76.85765,81.6399,56.12082,69.50407,64.75538,77.31502,69.0288,42.53714,49.93379,46.62906,40.41694,48.67531,58.37759,53.23243,44.9338,43.62349,50.21903,51.04963,45.63366,56.50933,63.71226,68.02256,69.56776,39.92957,55.94442,65.25335,34.10316,33.92643,22.97111,41.76652,26.30838,33.66413,31.47006,38.22356,37.31166,17.51473,20.75699,7.755056,17.44146,46.08075,42.31325,62.95968,12.62379,20.27308,27.47922,21.06894,16.84383,27.13658,25.93951,49.55776,57.16404,44.23678,36.65103,56.57962,48.69333,47.00989,56.11246,58.72928,63.88003,66.491,24.36748,19.40361,0,10.74958,25.4825,13.55662,27.55487,8.717211,9.672489,33.97381,12.75603,19.00845,58.19154,63.50363,59.89983,53.68686
43.71124,38.58127,54.37208,48.67129,58.1969,64.28222,39.63288,59.9321,65.06577,51.67104,59.24302,42.16826,67.59181,70.62706,49.5434,61.98323,66.13577,70.92975,45.40279,58.81246,54.06316,66.83519,58.45221,33.84279,41.08359,36.73749,31.22274,38.92501,49.15589,43.36419,36.19206,36.19992,41.03148,42.87569,38.4717,46.63002,53.66024,58.02212,59.41044,33.0826,46.86524,55.48025,26.15421,25.12216,16.20191,32.19384,19.00361,25.16375,24.06625,30.38136,30.43114,8.729559,12.84458,9.335498,8.043932,36.6364,32.14591,53.39805,13.82938,20.62886,24.43728,21.29349,19.68488,24.58956,17.94322,41.30111,48.00218,36.10877,29.42473,47.41041,39.53887,38.81666,47.09574,48.975,54.34251,56.44374,17.71876,16.20488,10.74958,0,21.53769,17.67361,22.98592,15.1502,8.991144,28.45719,19.79896,14.62616,47.5233,52.93916,49.43141,43.41205
39.98845,35.36626,50.31306,47.1224,56.78242,60.39161,39.77648,54.16807,64.69864,52.7578,61.0296,43.56918,63.00781,71.67188,50.464,56.29039,67.95078,69.31918,46.74435,60.65416,53.77643,62.68418,59.49302,22.64538,29.9741,31.69139,24.83307,34.4089,39.26275,37.45471,26.6229,22.05882,32.80764,30.84064,25.83621,39.65688,46.57201,50.07315,53.24625,22.68246,37.67342,46.95803,14.28653,16.36232,9.150561,24.92045,13.16276,18.42111,12.10573,17.62162,17.16922,19.01321,13.6834,21.46627,23.26541,29.79533,31.8844,43.4666,13.89139,9.75758,10.53281,14.79528,20.33082,16.60269,10.45748,27.89021,37.04504,22.40857,13.92866,36.20853,29.00421,24.9894,35.67057,40.6031,45.28894,50.57241,7.777441,6.30314,25.4825,21.53769,0,17.82115,5.659377,27.35142,23.881,13.2286,26.40017,26.59747,49.98023,54.07763,52.7358,47.08778
54.27208,49.21657,64.84056,60.1727,70.02359,74.94957,51.90346,69.18959,77.6547,64.46125,72.55014,54.87999,77.51952,83.78059,61.93574,70.76068,79.31461,82.30704,57.75437,71.54089,65.70501,76.32282,70.22995,38.04991,45.13971,44.46055,37.03554,46.2884,53.9405,50.685,40.22057,36.77813,46.15629,44.95471,38.39842,55.29848,62.21444,65.52129,67.34843,32.98228,51.38415,61.9583,30.50495,30.61747,18.40724,39.19575,21.65536,29.63649,25.92302,32.52969,30.22503,22.09395,21.44675,15.18674,24.38239,45.17384,44.24785,59.80533,8.178241,9.274908,17.18485,9.328553,6.893338,17.40979,22.89907,45.27717,53.87755,39.56487,31.16289,52.4734,44.98225,41.55058,51.44687,55.63897,59.99225,64.08226,20.97941,13.58816,13.55662,17.67361,17.82115,0,19.09679,12.38639,14.21889,25.47946,9.128249,20.78465,60.20111,64.6386,61.89651,55.36083
39.50369,34.90552,49.29122,45.80674,55.48689,59.1879,38.90475,52.57578,63.59031,51.35501,59.674,42.29206,61.20308,70.29048,48.74208,54.00568,66.27142,67.29334,44.92813,58.63852,51.70491,60.16201,56.95373,20.17864,26.96838,28.83743,21.38191,31.00453,36.01346,34.39745,22.93476,18.18202,29.18768,26.86417,21.04563,39.06369,45.41165,48.00793,50.47599,17.40519,33.95201,44.26028,14.83974,14.7971,7.937466,22.96263,9.753967,14.7548,8.838408,14.3404,12.45027,21.52559,16.45824,24.7184,25.29451,30.18754,32.44275,41.89109,17.11086,11.96212,6.214912,13.33635,19.6308,12.3062,10.58434,27.55817,36.14684,21.62469,13.40259,34.18978,27.1953,22.8474,33.02645,38.12577,42.20257,47.47315,10.56248,10.2738,27.55487,22.98592,5.659377,19.09679,0,27.85415,23.98412,7.905722,26.85175,24.78935,47.96583,51.55169,50.25939,44.34565
57.38695,52.20675,67.75716,61.89539,71.55046,77.62061,53.25019,72.59344,78.68752,64.84999,72.48699,55.3995,80.21854,83.9156,62.28978,73.81846,78.96195,83.42696,57.95543,71.10861,66.38223,78.48849,69.92643,43.77207,50.61938,47.41334,40.60468,48.74382,58.71645,53.79361,44.96406,43.51871,50.19293,50.61887,44.34381,59.72507,66.43411,69.74919,70.44764,38.06696,55.72445,66.22839,37.11739,35.76831,24.03927,43.48222,26.09197,33.66333,32.16397,38.83162,36.70925,23.19118,25.50324,15.65594,23.09566,49.9605,46.58036,65.12717,16.17091,20.93726,25.90052,18.12765,11.96213,23.54556,28.33189,52.41468,59.87567,46.63233,38.83835,58.2196,50.53559,48.39,57.1098,59.97837,64.37936,66.93948,27.71674,22.24116,8.717211,15.1502,27.35142,12.38639,27.85415,0,7.801325,33.09453,6.707014,15.31131,59.70003,64.40005,60.6591,53.94404
50.03177,44.86013,60.27074,54.2339,63.84574,70.05596,45.59441,65.1862,70.9414,57.06768,64.68943,47.63902,72.66965,76.11812,54.51337,66.41485,71.16384,75.70279,50.18214,63.33418,58.64833,70.97077,62.24024,37.44176,44.2178,40.22289,33.80193,41.61417,52.0917,46.65475,38.54962,38.0332,43.50685,44.67471,39.02794,52.65717,59.2413,62.60348,63.17287,32.81501,49.16485,59.24001,31.30696,29.31912,18.52086,36.56353,20.14982,27.19703,26.4962,32.99952,31.45824,17.28955,19.82568,13.8451,16.86708,43.21146,39.35019,58.29599,15.09425,20.17599,23.07332,17.51864,13.6214,21.01503,22.34688,46.46117,53.31696,40.74237,33.48189,51.65247,43.95187,42.45216,50.63953,52.98652,57.5531,59.72647,22.61292,18.99004,9.672489,8.991144,23.881,14.21889,23.98412,7.801325,0,28.72405,12.97022,9.385794,51.92691,56.71211,52.98242,46.35103
37.83538,33.61521,46.50516,43.13574,52.55311,55.94614,37.36316,48.77188,60.84366,48.78544,57.03693,40.28337,57.11001,67.30351,45.86333,49.34211,63.12924,63.2366,42.159,55.28535,48.13372,55.30936,52.93631,16.37989,21.67194,24.67784,17.03943,26.09953,30.12517,29.43684,17.30174,11.87153,23.41563,20.12755,13.47553,36.8439,42.19016,43.46788,45.25781,10.17641,27.6626,38.97327,16.3899,14.18484,12.5652,20.23463,10.64104,11.70958,7.88645,10.11918,5.753369,27.13334,22.16319,31.76459,30.41194,29.84331,33.04408,37.92453,24.60928,19.16045,8.941073,17.84862,24.25953,12.6988,14.3267,25.68261,33.19854,19.7113,13.38818,29.80793,23.63909,18.78078,27.83937,33.33351,36.43461,41.98837,16.40366,18.01156,33.97381,28.45719,13.2286,25.47946,7.905722,33.09453,28.72405,0,32.19316,27.00707,45.03936,47.71234,46.89941,41.0179
60.29335,55.14005,70.68854,65.26983,75.05681,80.65271,56.85052,75.1398,82.48419,68.77744,76.6396,59.25899,83.05137,88.016,66.11899,76.28898,83.14185,86.89426,61.7927,75.17316,69.9742,81.283,73.72136,44.7739,51.56319,49.66204,42.32792,50.97797,59.90334,55.90076,46.03999,43.45747,51.61332,51.00914,44.1723,61.96526,68.67563,71.71052,72.68938,38.0803,56.91246,67.91628,38.10293,37.22406,24.95295,45.36374,27.18002,35.07126,32.69184,39.30181,36.5799,26.76297,27.80386,18.47178,27.64019,52.11413,49.9362,66.65253,15.73663,18.28835,23.98578,15.13999,8.409594,21.77582,29.72584,53.11735,61.18261,47.25284,39.05333,59.35335,51.82584,48.83653,58.0709,61.71957,65.83232,69.14111,28.60995,21.93421,12.75603,19.79896,26.40017,9.128249,26.85175,6.707014,12.97022,32.19316,0,19.48108,63.74597,68.16019,64.78568,57.97164
47.45505,42.42603,56.77785,50.16445,59.58151,66.11887,42.17787,61.09337,66.7106,52.47802,59.96144,43.41909,67.9947,71.29063,49.53965,61.41913,65.88224,70.28732,45.11686,57.66421,53.26286,65.33892,55.95051,34.7041,40.42539,35.41346,29.23638,35.92643,47.30361,41.43096,34.18551,34.95591,38.42073,40.2293,34.69486,50.27772,56.01723,58.34809,57.74378,28.14688,43.87421,54.46239,31.55658,27.68591,19.00038,33.51461,18.05861,23.49214,25.01867,30.57098,28.55674,21.33605,23.09201,22.2322,20.46116,42.2622,38.19002,55.07041,22.22776,24.98345,23.30127,19.93659,17.49442,19.511,22.82943,45.48794,51.15782,39.66291,33.34195,48.42898,41.19012,40.1803,46.88457,48.65317,52.51545,53.94282,24.99655,23.42419,19.00845,14.62616,26.59747,20.78465,24.78935,15.31131,9.385794,27.00707,19.48108,0,46.37217,50.51739,46.59959,39.62028
20.50592,20.859,20.11272,12.27851,16.55263,24.83874,14.09395,23.54095,22.10578,8.616919,14.50436,9.041878,26.06643,25.26258,5.423223,23.07654,19.65307,24.79272,4.294173,11.43178,8.586825,23.73761,11.54264,32.16664,30.43599,21.33968,28.14067,20.90528,28.27571,20.20147,30.26641,38.22952,26.47677,34.3131,38.83445,25.39968,24.87911,25.93931,22.57744,39.23926,28.0359,25.9159,38.38701,34.05528,43.22576,27.03981,40.31371,33.9258,39.33586,36.58284,40.03963,43.79603,43.21921,55.25668,42.9342,29.55182,25.09733,29.46922,56.224,57.44417,51.24708,56.48777,59.20136,51.61465,40.00943,37.03444,31.97343,36.6402,40.59192,30.30353,29.44081,35.56436,30.6407,24.06828,27.22074,21.26863,44.17914,51.07197,58.19154,47.5233,49.98023,60.20111,47.96583,59.70003,51.92691,45.03936,63.74597,46.37217,0,6.892995,5.976806,9.840513
24.37157,25.41046,21.32589,15.09509,16.67926,23.90006,19.55551,22.39165,21.62557,11.49153,14.8627,14.92082,23.18931,23.55306,8.701838,19.9171,17.57532,20.76368,9.673652,8.86031,6.807232,18.90967,5.596583,34.77542,31.57015,23.53942,30.69816,22.04752,27.44275,20.58587,31.8568,39.94031,27.03759,34.62371,39.75748,28.02229,25.66007,24.44144,19.00156,40.83061,27.25015,24.02651,42.56658,37.95518,47.44815,30.36596,44.05783,37.1318,42.80976,39.32534,42.39592,49.51983,48.54857,60.83036,48.85934,33.83772,30.86044,29.68052,61.12817,61.64471,54.47028,60.1663,63.1581,54.57501,44.49751,39.71982,33.67412,39.60511,44.10214,31.07499,31.65755,37.59093,30.93271,23.89599,25.2299,17.69334,48.86353,55.68321,63.50363,52.93916,54.07763,64.6386,51.55169,64.40005,56.71211,47.71234,68.16019,50.51739,6.892995,0,6.040111,11.72482
26.14675,26.17689,25.28067,17.84509,20.93618,28.91177,19.57056,27.55002,25.57797,13.74235,17.53715,14.65098,28.93229,27.06788,10.81886,25.6606,20.70907,26.01285,9.904617,12.09963,11.7004,24.94523,10.1416,35.2313,33.15242,23.83706,30.08704,22.33759,30.40709,22.402,32.29041,40.43985,28.2318,36.05059,40.13041,30.66584,29.68698,29.38497,24.39106,40.18586,29.49512,28.49342,42.0562,37.09155,45.44918,30.40765,42.07348,35.78381,41.74419,39.13565,41.91005,46.64966,46.32358,57.6739,45.53007,34.63937,30.13257,33.6157,58.58171,59.69281,52.93364,57.87784,60.27971,52.55987,42.82976,41.42369,36.5714,40.55168,44.01273,33.97441,33.20305,38.88318,33.6614,27.27706,29.25162,22.46729,47.27156,53.73391,59.89983,49.43141,52.7358,61.89651,50.25939,60.6591,52.98242,46.89941,64.78568,46.59959,5.976806,6.040111,0,7.283713
26.40025,25.05485,28.20478,20.25681,25.92361,33.65876,19.09801,30.84328,31.68273,18.39832,23.91703,15.16245,33.84898,34.045,14.84857,29.08342,27.8476,32.46304,11.75003,19.16227,16.76966,29.67318,16.67832,31.01194,29.80027,19.76783,24.7212,17.95449,28.54253,19.81362,27.65065,35.67992,24.40358,32.1153,35.01937,30.7892,31.24394,31.13811,26.61763,34.23238,26.6901,28.97502,37.58565,32.04979,39.37798,26.31269,35.75474,29.81974,36.09196,34.07122,36.29183,41.34752,41.05346,51.9185,40.25261,32.70973,28.0281,33.94322,52.52503,53.53095,46.60583,51.20592,53.42445,45.80771,37.29332,39.03325,35.79305,37.14404,39.47314,32.52018,30.42943,35.37049,31.65752,26.53948,28.86666,23.64962,41.92595,47.92199,53.68686,43.41205,47.08778,55.36083,44.34565,53.94404,46.35103,41.0179,57.97164,39.62028,9.840513,11.72482,7.283713,0
